id,title,public_type,specific_type,current_collection,proposed_collections,music,confidence,rationale,source_path
additive-synthesis,Additive synthesis,concept,concept,research,research;music,yes,high,"core additive sound-synthesis technique, inverse of subtractive synthesis.",content/library/entry/concept/additive-synthesis/index.md
algorithmic-music,Algorithmic Music,concept,concept,research,research;music,yes,high,"explicitly a music-composition practice, from the Illiac Suite to live coding.",content/library/entry/concept/algorithmic-music/index.md
analog-computer,Analog computer,concept,concept,research,research,no,medium,"entry is substantively about general analog computing history (Bush's differential analyzer, Philbrick op-amps, aircraft/missile guidance); the tie to voltage-controlled music synthesizers is one closing sentence, not the entry's subject.",content/library/entry/concept/analog-computer/index.md
autopoiesis,Autopoiesis,concept,concept,research,research,no,high,Maturana/Varela's biology/cybernetics self-organization concept; no musical content in the entry.,content/library/entry/concept/autopoiesis/index.md
cellular-automata,Cellular automata,concept,concept,research,research,no,medium,"computation/mathematics concept (von Neumann, Conway's Game of Life); no musical application described in this entry.",content/library/entry/concept/cellular-automata/index.md
chimera,Chimera state,concept,concept,research,research,no,high,dynamical-systems oscillator-synchronization phenomenon; no musical content.,content/library/entry/concept/chimera/index.md
computer-music,Computer music,concept,concept,research,research;music,yes,high,the entry is literally the concept of music composed/generated with computation.,content/library/entry/concept/computer-music/index.md
digital-sampling,Digital sampling,concept,concept,research,research;music,yes,high,"core sampling technique behind musical sampling instruments (Fairlight, Emulator).",content/library/entry/concept/digital-sampling/index.md
entropy,Entropy,concept,concept,research,research,no,high,"thermodynamics/information-theory concept; entry is entirely Boltzmann/Shannon, no musical content.",content/library/entry/concept/entropy/index.md
feedback,Feedback,concept,concept,research,research,no,medium,"entry frames feedback entirely through cybernetics/control theory (governor, thermostat, servo); no audio-feedback musical practice described despite the term's real importance to electronic music.",content/library/entry/concept/feedback/index.md
free-improvisation,Free Improvisation,concept,concept,research,research;music,yes,high,"explicitly a musical performance practice (AMM, Derek Bailey, Spontaneous Music Ensemble).",content/library/entry/concept/free-improvisation/index.md
frequency-modulation,Frequency modulation (synthesis),concept,concept,research,research;music,yes,high,core FM synthesis technique behind the Yamaha DX lineage.,content/library/entry/concept/frequency-modulation/index.md
governor,Governor,concept,concept,research,research,no,high,"steam-engine speed regulator, the etymological root of 'cybernetics'; no musical content.",content/library/entry/concept/governor/index.md
granular-synthesis,Granular synthesis,concept,concept,research,research;music,yes,high,"core granular sound-synthesis technique (Xenakis, Curtis Roads).",content/library/entry/concept/granular-synthesis/index.md
harmolodics,Harmolodics,concept,concept,research,research;music,yes,high,"Ornette Coleman's theory of harmony, melody, and rhythm — explicitly musical.",content/library/entry/concept/harmolodics/index.md
hilbert-transform,Hilbert Transform,concept,concept,research,research;music,yes,medium,"primarily a mathematical operator, but the entry names concrete electronic-music applications (phase vocoders, frequency shifters, envelope followers) as real uses, not incidental ones.",content/library/entry/concept/hilbert-transform/index.md
limit-cycle,Limit cycle,concept,concept,research,research,no,high,"dynamical-systems oscillation concept (Poincaré, Van der Pol oscillator); no musical content.",content/library/entry/concept/limit-cycle/index.md
manifold,Manifold,concept,concept,research,research,no,medium,"general geometry/topology concept; 'synthesis algorithm parameter space' is one incidental example among several, not the entry's thesis.",content/library/entry/concept/manifold/index.md
memory,Memory,concept,concept,research,research,no,medium,"general cybernetics/computation concept; digital sampling is one incidental example among several (state machine, Turing machine).",content/library/entry/concept/memory/index.md
phase,Phase,concept,concept,research,research,no,medium,"general waveform/signal-relationship concept; stereo imaging is one incidental example among several (quadrature, PLL).",content/library/entry/concept/phase/index.md
phase-modulation,Phase modulation (synthesis),concept,concept,research,research;music,yes,high,explicit synthesis technique used in FM-branded digital synthesizers.,content/library/entry/concept/phase-modulation/index.md
physical-modeling,Physical modeling (synthesis),concept,concept,research,research;music,yes,high,explicit instrument-synthesis technique simulating real sound-producing systems.,content/library/entry/concept/physical-modeling/index.md
pid-controller,PID controller,concept,concept,research,research,no,high,"general feedback-control algorithm developed for ship steering; no musical content, matches the prompt's own calibration example.",content/library/entry/concept/pid-controller/index.md
pll,Phase-locked loop (PLL),concept,concept,research,research;music,yes,medium,"primarily a radio/telecom circuit, but the entry names a concrete musical application: pitch-tracking and sync-signal generation in analog synthesizers.",content/library/entry/concept/pll/index.md
quadrature,Quadrature,concept,concept,research,research,no,medium,general signal-relationship concept; stereo/spatial audio encoding is one incidental example among several.,content/library/entry/concept/quadrature/index.md
serialism,Serialism,concept,concept,research,research;music,yes,high,"Schoenberg's twelve-tone compositional technique, foundational 20th-century music theory.",content/library/entry/concept/serialism/index.md
servo,Servo (servomechanism),concept,concept,research,research,no,high,"general feedback control mechanism (autopilot, camera autofocus); no musical content.",content/library/entry/concept/servo/index.md
state-machine,State machine,concept,concept,research,research,no,medium,"general computation-theory concept; a synthesizer's envelope stages is one incidental example among several (vending machine, Turing machine).",content/library/entry/concept/state-machine/index.md
subtractive-synthesis,Subtractive synthesis,concept,concept,research,research;music,yes,high,core East Coast synthesizer-design technique.,content/library/entry/concept/subtractive-synthesis/index.md
total-serialism,Total Serialism,concept,concept,research,research;music,yes,high,"compositional technique extending serialism (Messiaen, Boulez, Stockhausen).",content/library/entry/concept/total-serialism/index.md
tuple,Tuple,concept,concept,research,research,no,high,pure math/CS data-structure concept; no musical content.,content/library/entry/concept/tuple/index.md
turing-machine,Turing machine,concept,concept,research,research,no,high,computation-theory abstraction; no musical content.,content/library/entry/concept/turing-machine/index.md
variety,Variety,concept,concept,research,research,no,high,Ashby's cybernetics law of requisite variety; no musical content.,content/library/entry/concept/variety/index.md
vector,Vector,concept,concept,research,research,no,high,"math/physics concept; 'control data' is a generic closing mention, no musical framing.",content/library/entry/concept/vector/index.md
viable-system-model,Viable System Model,concept,concept,research,research,no,high,"Stafford Beer's organizational model, applied to Project Cybersyn/economics; no musical content.",content/library/entry/concept/viable-system-model/index.md
wavefolding,Wavefolding,concept,concept,research,research;music,yes,high,core West Coast synthesis technique central to Buchla/Serge instrument design.,content/library/entry/concept/wavefolding/index.md
wavetable-synthesis,Wavetable synthesis,concept,concept,research,research;music,yes,high,core synthesis technique behind the PPG Wave lineage.,content/library/entry/concept/wavetable-synthesis/index.md
cybernetic-serendipity,Cybernetic Serendipity,event,event,research,research,no,high,"[human-adjudicated at review checkpoint] a landmark cybernetic/computer-art exhibition that included algorithmic music systems and electronic-music equipment, but as one facet among many non-musical works (visual art, poetry, robotics, sculpture) — genuinely mixed; needs editorial judgment on whether music was 'substantial' or merely one exhibited strand.",content/library/entry/event/cybernetic-serendipity/index.md
expo-70,Expo '70,event,event,research,research,no,medium,"a general World's Fair; its musical relevance is entirely inherited from the separately-catalogued Pepsi Pavilion sound-system entries, not from the fair itself, which the entry documents as the encompassing occasion only.",content/library/entry/event/expo-70/index.md
amm,AMM,group,group,research,research;music,yes,high,Pioneering British electroacoustic free-improvisation group.,content/library/entry/group/amm/index.md
aube,Aube,group,group,research,research;music,yes,high,Prolific Japanese noise project built from single manipulated sound sources.,content/library/entry/group/aube/index.md
borbetomagus,Borbetomagus,group,group,research,research;music,yes,high,Free-jazz/noise trio influential on the American and Japanese noise underground.,content/library/entry/group/borbetomagus/index.md
cccc,C.C.C.C.,group,group,research,research;music,yes,high,"Core Japanese noise quartet (C.C.C.C.), key act of the Japanoise scene.",content/library/entry/group/cccc/index.md
cluster,Cluster,group,group,research,research;music,yes,high,"German electronic duo central to krautrock/ambient electronics, collaborated with Eno.",content/library/entry/group/cluster/index.md
coil,Coil,group,group,research,research;music,yes,high,Influential British experimental group spanning industrial/dark ambient.,content/library/entry/group/coil/index.md
composers-inside-electronics,Composers Inside Electronics,group,group,research,research;music,yes,high,David Tudor's live-electronics ensemble realizing Rainforest IV.,content/library/entry/group/composers-inside-electronics/index.md
devo,Devo,group,group,research,research;music,yes,high,"New wave band, Eno-produced debut, foundational American new wave document.",content/library/entry/group/devo/index.md
faust,Faust,group,group,research,research;music,yes,high,Krautrock pioneers of tape-collage studio composition.,content/library/entry/group/faust/index.md
gastr-del-sol,Gastr del Sol,group,group,research,research;music,yes,high,Chicago experimental duo (Grubbs/O'Rourke).,content/library/entry/group/gastr-del-sol/index.md
government-alpha,Government Alpha,group,group,research,research;music,yes,high,Long-running Japanese noise project.,content/library/entry/group/government-alpha/index.md
gruppo-di-improvvisazione-nuova-consonanza,Gruppo di Improvvisazione Nuova Consonanza,group,group,research,research;music,yes,high,"Rome free-improvisation collective, among the first experimental-composer collectives.",content/library/entry/group/gruppo-di-improvvisazione-nuova-consonanza/index.md
hands-to,Hands To,group,group,research,research;music,yes,high,Jeph Jerman's sound project built from found objects and tape.,content/library/entry/group/hands-to/index.md
harmonia,Harmonia,group,group,research,research;music,yes,high,German electronic trio; recorded with Brian Eno at Forst.,content/library/entry/group/harmonia/index.md
illusion-of-safety,Illusion of Safety,group,group,research,research;music,yes,high,Long-running Chicago post-industrial sound project.,content/library/entry/group/illusion-of-safety/index.md
incapacitants,Incapacitants,group,group,research,research;music,yes,high,Japanese noise duo pursuing 'hard'/'pure' noise via feedback and vocals.,content/library/entry/group/incapacitants/index.md
k2,K2,group,group,research,research;music,yes,high,Japanese noise project built from metal and machinery recordings.,content/library/entry/group/k2/index.md
kraftwerk,Kraftwerk,group,group,research,research;music,yes,high,"Foundational electronic group for synthpop, techno, and electronic music broadly.",content/library/entry/group/kraftwerk/index.md
league-of-automatic-music-composers,League of Automatic Music Composers,group,group,research,research;music,yes,high,Pioneering networked-computer live-music ensemble.,content/library/entry/group/league-of-automatic-music-composers/index.md
louis-and-bebe-barron,Louis and Bebe Barron,group,group,research,research;music,yes,high,"American electronic-music pioneers, built circuits as musical/sonic material.",content/library/entry/group/louis-and-bebe-barron/index.md
macronympha,Macronympha,group,group,research,research;music,yes,high,"American harsh-noise project, long-running cassette-noise underground act.",content/library/entry/group/macronympha/index.md
masonna,Masonna,group,group,research,research;music,yes,high,Osaka noise project known for destructive live performance.,content/library/entry/group/masonna/index.md
mb,MB,group,group,research,research;music,yes,high,Maurizio Bianchi's industrial/noise recording project.,content/library/entry/group/mb/index.md
merzbow,Merzbow,group,group,research,research;music,yes,high,One of the most prolific and important noise-music projects.,content/library/entry/group/merzbow/index.md
mev,MEV,group,group,research,research;music,yes,high,"Musica Elettronica Viva, foundational live electronic improvisation group.",content/library/entry/group/mev/index.md
microstoria,Microstoria,group,group,research,research;music,yes,high,Experimental electronic duo (Popp/St. Werner) refining glitch into ambient work.,content/library/entry/group/microstoria/index.md
monde-bruits,Monde Bruits,group,group,research,research;music,yes,high,Early Japanese noise scene project.,content/library/entry/group/monde-bruits/index.md
morphogenesis-band,Morphogenesis,group,group,research,research;music,yes,high,British free-improvisation/noise group using self-built instruments.,content/library/entry/group/morphogenesis-band/index.md
mother-mallard,Mother Mallard's Portable Masterpiece Company,group,group,research,research;music,yes,high,"Early live synthesizer ensemble, close Moog collaborators.",content/library/entry/group/mother-mallard/index.md
music-improvisation-company,Music Improvisation Company,group,group,research,research;music,yes,high,London free-improvisation quartet pairing guitar/sax with live electronics.,content/library/entry/group/music-improvisation-company/index.md
negativland,Negativland,group,group,research,research;music,yes,high,Experimental tape-collage/culture-jamming musical collective.,content/library/entry/group/negativland/index.md
neu,Neu!,group,group,research,research;music,yes,high,Krautrock duo; originated the influential 'motorik' beat.,content/library/entry/group/neu/index.md
nurse-with-wound,Nurse With Wound,group,group,research,research;music,yes,high,"Foundational industrial/avant-garde project, hugely influential discography and 'NWW List'.",content/library/entry/group/nurse-with-wound/index.md
omit,Omit,group,group,research,research;music,yes,high,Electronic composer producing psychoacoustic recordings.,content/library/entry/group/omit/index.md
organum,Organum,group,group,research,research;music,yes,high,David Jackman's long-running ritualistic drone project.,content/library/entry/group/organum/index.md
p16d4,P16.D4,group,group,research,research;music,yes,high,German industrial/tape-manipulation and musique concrète group.,content/library/entry/group/p16d4/index.md
painjerk,Pain Jerk,group,group,research,research;music,yes,high,"Long-running Japanese noise project, leading exponent of noise's 'dynamic' style.",content/library/entry/group/painjerk/index.md
pan-sonic,Pan Sonic,group,group,research,research;music,yes,high,Finnish electronic duo working with custom-built oscillators/pulse generators.,content/library/entry/group/pan-sonic/index.md
pbk,PBK,group,group,research,research;music,yes,high,Noise/drone/electroacoustic composition project.,content/library/entry/group/pbk/index.md
ramleh,Ramleh,group,group,research,research;music,yes,high,"UK power-electronics/noise-rock group, first wave of British power electronics.",content/library/entry/group/ramleh/index.md
smegma,Smegma,group,group,research,research;music,yes,high,Long-running LAFMS-affiliated noise/free-improvisation group.,content/library/entry/group/smegma/index.md
snd-band,SND,group,group,research,research;music,yes,high,Sheffield duo pioneering algorithmic click-based digital minimalism.,content/library/entry/group/snd-band/index.md
solmania,Solmania,group,group,research,research;music,yes,high,Osaka noise project built around self-built multi-necked guitars.,content/library/entry/group/solmania/index.md
sonic-arts-union,Sonic Arts Union,group,group,research,research;music,yes,high,"Live-electronics collective (Ashley, Behrman, Lucier, Mumma).",content/library/entry/group/sonic-arts-union/index.md
space-machine,Space Machine,group,group,research,research;music,yes,high,Masonna's analogue electronic cosmic-sound side project.,content/library/entry/group/space-machine/index.md
tangerine-dream,Tangerine Dream,group,group,research,research;music,yes,high,Pioneers of sequencer-driven Berlin School electronic music.,content/library/entry/group/tangerine-dream/index.md
the-haters,The Haters,group,group,research,research;music,yes,high,Long-running noise performance/destruction-art project.,content/library/entry/group/the-haters/index.md
the-new-blockaders,The New Blockaders,group,group,research,research;music,yes,high,"Widely cited as the first true noise record of the modern era, directly influential on Japanoise scene.",content/library/entry/group/the-new-blockaders/index.md
theatre-of-eternal-music,Theatre of Eternal Music,group,group,research,research;music,yes,high,La Monte Young's foundational drone ensemble (later The Dream Syndicate).,content/library/entry/group/theatre-of-eternal-music/index.md
throbbing-gristle,Throbbing Gristle,group,group,research,research;music,yes,high,"Pioneers of industrial music, founded Industrial Records.",content/library/entry/group/throbbing-gristle/index.md
violent-onsen-geisha,Violent Onsen Geisha,group,group,research,research;music,yes,high,Long-running Japanese noise/experimental-pop recording project.,content/library/entry/group/violent-onsen-geisha/index.md
voice-crack,Voice Crack,group,group,research,research;music,yes,high,Swiss duo performing with 'cracked' everyday electronics.,content/library/entry/group/voice-crack/index.md
wolf-eyes,Wolf Eyes,group,group,research,research;music,yes,high,Michigan noise group with extensive collaborations and label ties across the noise scene.,content/library/entry/group/wolf-eyes/index.md
american-tapes,American Tapes,organization,organization,research,research;music,yes,high,Detroit noise/drone cassette label central to that scene's release history.,content/library/entry/organization/american-tapes/index.md
arp-instruments,ARP Instruments,organization,organization,research,research;music,yes,high,"Major synthesizer manufacturer (ARP 2500/2600), core to analog synth history.",content/library/entry/organization/arp-instruments/index.md
augmented-instruments,Augmented Instruments,organization,organization,research,research;music,yes,high,"[human-adjudicated at review checkpoint] Makes the Bela embedded-audio platform, descended from an instrument-building lab, but the entry describes general embedded audio/sensor processing rather than an explicitly musical role.",content/library/entry/organization/augmented-instruments/index.md
bbc-radiophonic-workshop,BBC Radiophonic Workshop,organization,organization,research,research;music,yes,high,"Foundational BBC electronic-music production unit (Oram, Derbyshire).",content/library/entry/organization/bbc-radiophonic-workshop/index.md
bell-labs,Bell Labs,organization,organization,research,research;music,yes,high,"Entry centers on Max Mathews' MUSIC software, the first computer music program, and resident composers Tenney/Spiegel.",content/library/entry/organization/bell-labs/index.md
biological-computer-laboratory,Biological Computer Laboratory,organization,organization,research,research,no,high,Cybernetics/cognition research lab; no musical activity described.,content/library/entry/organization/biological-computer-laboratory/index.md
blacet,Blacet Research,organization,organization,research,research;music,yes,high,DIY modular synthesizer manufacturer serving the electronic-music-building community.,content/library/entry/organization/blacet/index.md
broken-flag,Broken Flag,organization,organization,research,research;music,yes,high,UK power-electronics label built to keep Ramleh's music catalog in circulation.,content/library/entry/organization/broken-flag/index.md
buchla-and-associates,Buchla & Associates,organization,organization,research,research;music,yes,high,Defining West Coast modular synthesizer manufacturer (100/200 series).,content/library/entry/organization/buchla-and-associates/index.md
cambridge-street-records,Cambridge Street Records,organization,organization,research,research;music,yes,high,Barry Truax's own label releasing his electroacoustic compositions.,content/library/entry/organization/cambridge-street-records/index.md
ccrma,CCRMA,organization,organization,research,research;music,yes,high,Stanford's leading computer music and acoustics research center.,content/library/entry/organization/ccrma/index.md
cemamu,CEMAMu,organization,organization,research,research;music,yes,high,Xenakis's music/mathematics research center; birthplace of the UPIC system.,content/library/entry/organization/cemamu/index.md
center-for-experimental-music-and-intermedia,Center for Experimental Music and Intermedia (CEMI),organization,organization,research,research;music,yes,high,University tape-music studio and electronic music center founded by composer Merrill Ellis.,content/library/entry/organization/center-for-experimental-music-and-intermedia/index.md
claem,CLAEM,organization,organization,research,research;music,yes,high,Latin American electronic-music composition institute founded by Ginastera.,content/library/entry/organization/claem/index.md
club-d-essai,Club d'Essai,organization,organization,research,research;music,yes,high,Where Pierre Schaeffer began musique concrète; direct GRM ancestor.,content/library/entry/organization/club-d-essai/index.md
cnmat,CNMAT,organization,organization,research,research;music,yes,high,Computer music research center that co-developed Open Sound Control.,content/library/entry/organization/cnmat/index.md
columbia-princeton-electronic-music-center,Columbia-Princeton Electronic Music Center,organization,organization,research,research;music,yes,high,"Oldest US electroacoustic music center, built around the RCA Mark II synthesizer.",content/library/entry/organization/columbia-princeton-electronic-music-center/index.md
columbia-university-computer-music-center,Columbia University Computer Music Center,organization,organization,research,research;music,yes,high,"Continuing computer/electroacoustic music research center, successor to Columbia-Princeton.",content/library/entry/organization/columbia-university-computer-music-center/index.md
cramps-records,Cramps Records,organization,organization,research,research;music,yes,high,Milan avant-garde label whose Nova Musicha series released Cage and Fluxus-adjacent composers.,content/library/entry/organization/cramps-records/index.md
cycling-74,Cycling '74,organization,organization,research,research;music,yes,high,"Commercial developer of Max/MSP, foundational computer-music software.",content/library/entry/organization/cycling-74/index.md
danish-radio-electronic-music-studio,Danish Radio Electronic Music Studio,organization,organization,research,research;music,yes,high,Else Marie Pade's electronic-music studio producing tape-music compositions.,content/library/entry/organization/danish-radio-electronic-music-studio/index.md
e-mu-systems,E-mu Systems,organization,organization,research,research;music,yes,high,"Sampling instrument manufacturer (Emulator, SP-1200) central to sampling's musical history.",content/library/entry/organization/e-mu-systems/index.md
elektronmusikstudion-ems,Elektronmusikstudion (EMS),organization,organization,research,research;music,yes,high,Swedish national electroacoustic composition studio.,content/library/entry/organization/elektronmusikstudion-ems/index.md
ems,Electronic Music Studios (EMS),organization,organization,research,research;music,yes,high,"British synthesizer manufacturer (VCS3, Synthi 100) used widely in popular and experimental music.",content/library/entry/organization/ems/index.md
ensoniq,Ensoniq,organization,organization,research,research;music,yes,high,"Synthesizer/sampler manufacturer (Mirage, ESQ-1).",content/library/entry/organization/ensoniq/index.md
erstwhile-records,Erstwhile Records,organization,organization,research,research;music,yes,high,Label defining and documenting electroacoustic improvisation.,content/library/entry/organization/erstwhile-records/index.md
eventide,Eventide,organization,organization,research,research;music,yes,medium,Audio processor manufacturer whose Harmonizer became a foundational musical production/performance tool.,content/library/entry/organization/eventide/index.md
experimental-studio-of-czechoslovak-radio,Experimental Studio of Czechoslovak Radio,organization,organization,research,research;music,yes,high,Bratislava electroacoustic music studio in the lineage of European radio studios.,content/library/entry/organization/experimental-studio-of-czechoslovak-radio/index.md
fairlight-instruments,Fairlight,organization,organization,research,research;music,yes,high,"Built the Fairlight CMI, first polyphonic digital sampling synthesizer.",content/library/entry/organization/fairlight-instruments/index.md
fax-records,FAX +49-69/450464,organization,organization,research,research;music,yes,high,Pete Namlook's prolific ambient/electronic music label.,content/library/entry/organization/fax-records/index.md
for4ears,For4Ears,organization,organization,research,research;music,yes,high,Label documenting free improvisation and electroacoustic recordings.,content/library/entry/organization/for4ears/index.md
frog-peak,Frog Peak Music,organization,organization,research,research;music,yes,high,Composers' collective publishing experimental scores and music software.,content/library/entry/organization/frog-peak/index.md
grm,Groupe de Recherches Musicales (GRM),organization,organization,research,research;music,yes,high,Central French institution for musique concrète and electroacoustic research.,content/library/entry/organization/grm/index.md
gross-records,G.R.O.S.S. Records,organization,organization,research,research;music,yes,high,Label releasing Aube's noise recordings and others internationally.,content/library/entry/organization/gross-records/index.md
groupe-de-musique-experimentale-de-bourges,Groupe de Musique Expérimentale de Bourges (GMEB),organization,organization,research,research;music,yes,high,French electroacoustic institution building its own diffusion/performance electronics.,content/library/entry/organization/groupe-de-musique-experimentale-de-bourges/index.md
groupe-de-recherche-de-musique-concrete,Groupe de Recherche de Musique Concrète (GRMC),organization,organization,research,research;music,yes,high,"Schaeffer's formative musique concrète research group, direct GRM predecessor.",content/library/entry/organization/groupe-de-recherche-de-musique-concrete/index.md
hanson-records,Hanson Records,organization,organization,research,research;music,yes,high,Aaron Dilloway's noise/no-wave label and later record shop.,content/library/entry/organization/hanson-records/index.md
ina,Institut National de l'Audiovisuel (INA),organization,organization,research,research,no,medium,"General French audiovisual-archive institute; its tie to music is purely administrative (houses GRM), with no musical activity of its own described.",content/library/entry/organization/ina/index.md
incus-records,Incus Records,organization,organization,research,research;music,yes,high,"First musician-owned independent UK label, documenting British free improvisation for decades.",content/library/entry/organization/incus-records/index.md
institut-international-de-musique-electroacoustique-de-bourges,Institut International de Musique Électroacoustique de Bourges (IMEB),organization,organization,research,research;music,yes,high,National Center for Musical Creation continuing Bourges's electroacoustic festival and competition.,content/library/entry/organization/institut-international-de-musique-electroacoustique-de-bourges/index.md
institute-of-sonology,Institute of Sonology,organization,organization,research,research;music,yes,high,Leading electronic/computer music research and teaching institute.,content/library/entry/organization/institute-of-sonology/index.md
instituto-torcuato-di-tella,Instituto Torcuato Di Tella,organization,organization,research,research,no,high,"[human-adjudicated at review checkpoint] Major Buenos Aires cultural institute spanning science, theater, and visual arts as well as music; its Library relevance runs mainly through hosting CLAEM rather than being itself a musical body.",content/library/entry/organization/instituto-torcuato-di-tella/index.md
ipem,IPEM,organization,organization,research,research;music,yes,high,Institute for Psychoacoustics and Electronic Music; ~470 compositions realized there.,content/library/entry/organization/ipem/index.md
ircam,IRCAM,organization,organization,research,research;music,yes,high,Leading Paris institute for music and acoustic computer-music research.,content/library/entry/organization/ircam/index.md
klein-hummel,Klein + Hummel,organization,organization,research,research,no,medium,"Professional measurement equipment and studio-monitor manufacturer; a playback/monitoring maker, not a musical instrument or creative tool, with no musical role described.",content/library/entry/organization/klein-hummel/index.md
korg,Korg,organization,organization,research,research;music,yes,high,"Major Japanese synthesizer manufacturer (MS-20, Polysix, Wavestation).",content/library/entry/organization/korg/index.md
krohn-hite,Krohn-Hite Corporation,organization,organization,research,research,no,high,"Test-and-measurement instrument manufacturer explicitly noted as appearing in SARC's manual archive, not a musical entity.",content/library/entry/organization/krohn-hite/index.md
kurzweil,Kurzweil Music Systems,organization,organization,research,research;music,yes,high,Synthesizer manufacturer; K250 was first instrument to convincingly sample acoustic piano.,content/library/entry/organization/kurzweil/index.md
lafms,LAFMS,organization,organization,research,research;music,yes,high,"Los Angeles Free Music Society, an influential noise/free-music collective.",content/library/entry/organization/lafms/index.md
les-ateliers-upic,Les Ateliers UPIC,organization,organization,research,research;music,yes,high,Ran production and training on Xenakis's UPIC graphic composition system.,content/library/entry/organization/les-ateliers-upic/index.md
lexicon,Lexicon,organization,organization,research,research;music,yes,medium,Digital reverb/delay manufacturer whose processors became a standard musical production tool ('adding some Lexicon').,content/library/entry/organization/lexicon/index.md
line-imprint,Line,organization,organization,research,research;music,yes,high,Label publishing minimalist sound-art and composition editions.,content/library/entry/organization/line-imprint/index.md
mego,Mego,organization,organization,research,research;music,yes,high,Vienna label foundational to glitch and digital noise music.,content/library/entry/organization/mego/index.md
mille-plateaux,Mille Plateaux,organization,organization,research,research;music,yes,high,"German label central to philosophy-inflected glitch, microsound, and IDM.",content/library/entry/organization/mille-plateaux/index.md
mills-center-for-contemporary-music,Mills Center for Contemporary Music,organization,organization,research,research;music,yes,high,Successor to the SF Tape Music Center; long-running experimental composition hub.,content/library/entry/organization/mills-center-for-contemporary-music/index.md
moog-music,Moog Music,organization,organization,research,research;music,yes,high,Robert Moog's voltage-controlled synthesizer manufacturer.,content/library/entry/organization/moog-music/index.md
new-england-digital,New England Digital,organization,organization,research,research;music,yes,high,"Built the Synclavier, first commercial real-time digital synthesis instrument.",content/library/entry/organization/new-england-digital/index.md
nhk-electronic-music-studio,NHK Electronic Music Studio,organization,organization,research,research;music,yes,high,"Tokyo broadcaster's electronic music studio, early Japanese electronic-music landmark.",content/library/entry/organization/nhk-electronic-music-studio/index.md
nonlinear-labs,Nonlinear Labs,organization,organization,research,research;music,yes,high,Builds expressive digital musical instruments (C15 keyboard synthesizer).,content/library/entry/organization/nonlinear-labs/index.md
oberheim-electronics,Oberheim Electronics,organization,organization,research,research;music,yes,high,"Synthesizer manufacturer (SEM, DMX, Matrix-12).",content/library/entry/organization/oberheim-electronics/index.md
oramics-studios,Oramics Studios,organization,organization,research,research;music,yes,high,"Daphne Oram's independent electronic-composition studio, Britain's first.",content/library/entry/organization/oramics-studios/index.md
polish-radio-experimental-studio,Polish Radio Experimental Studio,organization,organization,research,research;music,yes,high,"One of Europe's first electronic music studios, influential on Polish musical life.",content/library/entry/organization/polish-radio-experimental-studio/index.md
ppg,PPG,organization,organization,research,research;music,yes,high,"German wavetable synthesizer manufacturer, built modulars for Tangerine Dream.",content/library/entry/organization/ppg/index.md
princeton-computer-music-center,Princeton Computer Music Center,organization,organization,research,research;music,yes,high,Extended Max Mathews' MUSIC language into MUSIC4BF for computer composition.,content/library/entry/organization/princeton-computer-music-center/index.md
rand-corporation,RAND Corporation,organization,organization,research,research,no,high,"Systems analysis, game theory, and computing research institute; no musical activity described.",content/library/entry/organization/rand-corporation/index.md
raster-noton,Raster-Noton,organization,organization,research,research;music,yes,high,Leading minimal/rhythmic experimental electronic music label.,content/library/entry/organization/raster-noton/index.md
roland-corporation,Roland Corporation,organization,organization,research,research;music,yes,high,Major Japanese synthesizer/drum machine manufacturer.,content/library/entry/organization/roland-corporation/index.md
rossum-electro-music,Rossum Electro-Music,organization,organization,research,research;music,yes,high,Dave Rossum's Eurorack modular synthesis company.,content/library/entry/organization/rossum-electro-music/index.md
san-francisco-tape-music-center,San Francisco Tape Music Center,organization,organization,research,research;music,yes,high,Bay Area studio/collective; commissioned the first Buchla modular system.,content/library/entry/organization/san-francisco-tape-music-center/index.md
sequential,Sequential,organization,organization,research,research;music,yes,high,Built the Prophet-5 and drove the MIDI specification.,content/library/entry/organization/sequential/index.md
serge-modular-music-systems,Serge Modular Music Systems,organization,organization,research,research;music,yes,high,Serge Tcherepnin's influential low-cost modular synthesizer company.,content/library/entry/organization/serge-modular-music-systems/index.md
siemens-studio-fur-elektronische-musik,Siemens-Studio für elektronische Musik,organization,organization,research,research;music,yes,high,Munich electronic music studio built around the Siemens Synthesizer.,content/library/entry/organization/siemens-studio-fur-elektronische-musik/index.md
steim,STEIM,organization,organization,research,research;music,yes,high,Amsterdam studio for hands-on live-electronic instrument building.,content/library/entry/organization/steim/index.md
sts,Sound Transform Systems (STS),organization,organization,research,research;music,yes,high,Successor company continuing Serge modular synthesizer manufacturing.,content/library/entry/organization/sts/index.md
studio-d-essai,Studio d'Essai,organization,organization,research,research;music,yes,high,"Wartime French radio studio, ancestor of the GRM lineage.",content/library/entry/organization/studio-d-essai/index.md
studio-di-fonologia-musicale-rai-milano,Studio di Fonologia Musicale della RAI di Milano,organization,organization,research,research;music,yes,high,"Europe's third major electronic music studio, hosted Nono, Cage, Pousseur.",content/library/entry/organization/studio-di-fonologia-musicale-rai-milano/index.md
studio-fur-elektronische-musik-des-wdr,Studio für elektronische Musik des WDR,organization,organization,research,research;music,yes,high,World's first purpose-built electronic music studio; Stockhausen's base.,content/library/entry/organization/studio-fur-elektronische-musik-des-wdr/index.md
studio-panaroma,Studio PANaroma,organization,organization,research,research;music,yes,high,Brazilian electroacoustic music studio and composition contest/biennial host.,content/library/entry/organization/studio-panaroma/index.md
studio-voor-elektronische-muziek,Studio voor Elektronische Muziek (STEM),organization,organization,research,research;music,yes,high,"Utrecht electronic music studio, renamed Institute of Sonology.",content/library/entry/organization/studio-voor-elektronische-muziek/index.md
swr-experimentalstudio,SWR Experimentalstudio,organization,organization,research,research;music,yes,high,Studio for live electronics working directly with composers.,content/library/entry/organization/swr-experimentalstudio/index.md
symbolic-sound,Symbolic Sound,organization,organization,research,research;music,yes,high,Makers of the Kyma sound design environment.,content/library/entry/organization/symbolic-sound/index.md
synclavier-digital,Synclavier Digital,organization,organization,research,research;music,yes,high,Continues the Synclavier digital synthesizer lineage.,content/library/entry/organization/synclavier-digital/index.md
synton,Synton,organization,organization,research,research;music,yes,high,"Synthesizer manufacturer/distributor, built modulars used by Stockhausen.",content/library/entry/organization/synton/index.md
ucsd-electronic-music-studio,"University of California, San Diego Electronic Music Studio",organization,organization,research,research;music,yes,high,"Pauline Oliveros's electronic music studio, later Center for Music Experiment.",content/library/entry/organization/ucsd-electronic-music-studio/index.md
united-dairies,United Dairies,organization,organization,research,research;music,yes,high,Label releasing Nurse With Wound and related experimental music.,content/library/entry/organization/united-dairies/index.md
university-of-helsinki-electronic-music-studio,University of Helsinki Electronic Music Studio,organization,organization,research,research;music,yes,high,"Finland's first electronic music studio, built by Erkki Kurenniemi.",content/library/entry/organization/university-of-helsinki-electronic-music-studio/index.md
university-of-illinois-experimental-music-studios,University of Illinois Experimental Music Studios,organization,organization,research,research;music,yes,high,Arguably the first electronic/computer music studio in the Western Hemisphere.,content/library/entry/organization/university-of-illinois-experimental-music-studios/index.md
university-of-iowa-electronic-music-studios,University of Iowa Electronic Music Studios,organization,organization,research,research;music,yes,high,Built around one of the first real-time digital synthesizers.,content/library/entry/organization/university-of-iowa-electronic-music-studios/index.md
university-of-toronto-electronic-music-studio,University of Toronto Electronic Music Studio,organization,organization,research,research;music,yes,high,Oscillator-bank electronic music studio; site of Oliveros's I of IV.,content/library/entry/organization/university-of-toronto-electronic-music-studio/index.md
vanilla-records,Vanilla Records,organization,organization,research,research;music,yes,high,"Kyoto label, early hub releasing nearly all key Japanese noise acts.",content/library/entry/organization/vanilla-records/index.md
waldorf-music,Waldorf Music,organization,organization,research,research;music,yes,high,German synthesizer manufacturer continuing PPG wavetable synthesis.,content/library/entry/organization/waldorf-music/index.md
wave-notation,Wave Notation,organization,organization,research,research;music,yes,high,Imprint for the landmark kankyo ongaku (environmental music) LP series.,content/library/entry/organization/wave-notation/index.md
wiard,Wiard,organization,organization,research,research;music,yes,high,Modular synthesizer company reinterpreting Buchla-derived design ideas.,content/library/entry/organization/wiard/index.md
world-soundscape-project,World Soundscape Project,organization,organization,research,research;music,yes,medium,"Schafer's research group explicitly engaged in soundscape composition, founding acoustic ecology; borderline scientific/musical but composition is named directly.",content/library/entry/organization/world-soundscape-project/index.md
xerxes,Xerxes,organization,organization,research,research;music,yes,high,Label releasing the bulk of Government Alpha's noise catalog.,content/library/entry/organization/xerxes/index.md
yamaha,Yamaha,organization,organization,research,research;music,yes,high,Brought licensed FM synthesis to market via the DX7/DX1.,content/library/entry/organization/yamaha/index.md
aaron-dilloway,Aaron Dilloway,person,person,research,research;music,yes,high,"noise musician, founding member of Wolf Eyes (1998-2005) and founder of Hanson Records; entire career and catalog is musical.",content/library/entry/person/aaron-dilloway/index.md
alan-pearlman,Alan R. Pearlman,person,person,research,research;music,yes,medium,engineer who founded ARP Instruments and designed the ARP 2500 and 2600; his life's work is musical-instrument design.,content/library/entry/person/alan-pearlman/index.md
alan-turing,Alan Turing,person,person,research,research,no,high,"mathematician and computation theorist; entry documents morphogenesis and theoretical computer science, no musical practice described.",content/library/entry/person/alan-turing/index.md
albert-ayler,Albert Ayler,person,person,research,research;music,yes,high,"free-jazz saxophonist who recast the genre around raw tone and collective improvisation, recorded Spiritual Unity.",content/library/entry/person/albert-ayler/index.md
alvin-curran,Alvin Curran,person,person,research,research;music,yes,high,"composer, co-founder of Musica Elettronica Viva, decades of live electronic improvisation.",content/library/entry/person/alvin-curran/index.md
alvin-lucier,Alvin Lucier,person,person,research,research;music,yes,high,"composer exploring acoustic phenomena and resonance, co-founder of the Sonic Arts Union.",content/library/entry/person/alvin-lucier/index.md
andrew-cyrille,Andrew Cyrille,person,person,research,research;music,yes,high,"free-jazz drummer, longtime collaborator of Cecil Taylor.",content/library/entry/person/andrew-cyrille/index.md
anthony-braxton,Anthony Braxton,person,person,research,research;music,yes,high,"composer and multi-instrumentalist, AACM founding-era member, roughly four hundred compositions.",content/library/entry/person/anthony-braxton/index.md
asmus-tietchens,Asmus Tietchens,person,person,research,research;music,yes,high,electronic-music pioneer pursuing 'absolute music' through musique concrète and synthesis since 1965.,content/library/entry/person/asmus-tietchens/index.md
barry-truax,Barry Truax,person,person,research,research;music,yes,high,"composer and pioneer of real-time granular synthesis, World Soundscape Project member.",content/library/entry/person/barry-truax/index.md
barry-vercoe,Barry Vercoe,person,person,research,research;music,yes,high,"composer and computer scientist who created Csound, a widely used music-synthesis language.",content/library/entry/person/barry-vercoe/index.md
bernard-parmegiani,Bernard Parmegiani,person,person,research,research;music,yes,high,"GRM musique concrète composer, best known for De Natura Sonorum.",content/library/entry/person/bernard-parmegiani/index.md
bill-laswell,Bill Laswell,person,person,research,research;music,yes,high,"bassist and producer across free jazz, dub, ambient, and hip-hop; boundary-crossing recorded output.",content/library/entry/person/bill-laswell/index.md
brian-eno,Brian Eno,person,person,research,research;music,yes,high,"originator of ambient and generative music, decades of recorded and collaborative musical output.",content/library/entry/person/brian-eno/index.md
buckminster-fuller,Buckminster Fuller,person,person,research,research,no,high,"designer and systems thinker; entry documents synergetics and geodesic domes, only a Black Mountain College overlap with Cage, no musical practice of his own.",content/library/entry/person/buckminster-fuller/index.md
cameron-jones,Cameron Jones,person,person,research,research;music,yes,medium,"co-creator of the Synclavier, a foundational digital musical instrument, at Dartmouth and New England Digital.",content/library/entry/person/cameron-jones/index.md
carsten-nicolai,Carsten Nicolai,person,person,research,research;music,yes,high,"musician recording as Alva Noto, founder of the Noton label and co-founder of Raster-Noton.",content/library/entry/person/carsten-nicolai/index.md
cecil-taylor,Cecil Taylor,person,person,research,research;music,yes,high,"pianist and poet, founding figure of free jazz's dense, percussive keyboard language.",content/library/entry/person/cecil-taylor/index.md
chris-carter,Chris Carter,person,person,research,research;music,yes,high,"Throbbing Gristle founding member and designer of the Gristleizer effects unit, continued as Chris & Cosey / Carter Tutti.",content/library/entry/person/chris-carter/index.md
christopher-langton,Christopher Langton,person,person,research,research,no,high,"computer scientist, founder of the artificial-life field; entry covers cellular automata research, no musical practice described.",content/library/entry/person/christopher-langton/index.md
chu-ishikawa,Chu Ishikawa,person,person,research,research;music,yes,high,industrial musician and film composer whose metal-percussion scores defined Tetsuo and other Tsukamoto films.,content/library/entry/person/chu-ishikawa/index.md
conny-plank,Conny Plank,person,person,research,research;music,yes,high,"producer/engineer whose studio work with Kraftwerk, Neu!, Cluster, and Harmonia effectively defines the sound of krautrock.",content/library/entry/person/conny-plank/index.md
conrad-schnitzler,Conrad Schnitzler,person,person,research,research;music,yes,high,"electronic musician, co-founder of Kluster and early member of Tangerine Dream.",content/library/entry/person/conrad-schnitzler/index.md
cosey-fanni-tutti,Cosey Fanni Tutti,person,person,research,research;music,yes,high,"Throbbing Gristle founding member on guitar, cornet, tapes, and vocals, later Chris & Cosey / Carter Tutti.",content/library/entry/person/cosey-fanni-tutti/index.md
curtis-roads,Curtis Roads,person,person,research,research;music,yes,high,composer/researcher who first programmed Xenakis's granular-synthesis theory and wrote the standard text Microsound.,content/library/entry/person/curtis-roads/index.md
darcy-thompson,D'Arcy Wentworth Thompson,person,person,research,research,no,high,"biologist and mathematician; On Growth and Form concerns biological pattern, no musical connection described.",content/library/entry/person/darcy-thompson/index.md
dave-rossum,Dave Rossum,person,person,research,research;music,yes,medium,"founder of E-mu Systems, pioneer of sampling-instrument design (Emulator, SP-12/SP-1200).",content/library/entry/person/dave-rossum/index.md
dave-smith,Dave Smith,person,person,research,research;music,yes,high,"founder of Sequential, designer of the Prophet-5, and driving force behind the MIDI specification.",content/library/entry/person/dave-smith/index.md
david-b-doty,David B. Doty,person,person,research,research;music,yes,high,"composer working in just intonation, author of The Just Intonation Primer.",content/library/entry/person/david-b-doty/index.md
david-behrman,David Behrman,person,person,research,research;music,yes,high,"composer, co-founder of the Sonic Arts Union, produced Columbia's 'Music of Our Time' series.",content/library/entry/person/david-behrman/index.md
david-borden,David Borden,person,person,research,research;music,yes,high,"composer, founded Mother Mallard's Portable Masterpiece Company, one of the first live-synthesizer ensembles.",content/library/entry/person/david-borden/index.md
david-dunn,David Dunn,person,person,research,research;music,yes,high,composer and longtime performing member of the Harry Partch Ensemble.,content/library/entry/person/david-dunn/index.md
david-hilbert,David Hilbert,person,person,research,research,no,high,"mathematician; entry covers set-theory foundations and the decision problem, the Hilbert transform is noted only as later foundational to signal processing generally, no musical practice.",content/library/entry/person/david-hilbert/index.md
david-rosenboom,David Rosenboom,person,person,research,research;music,yes,high,composer and pioneer of integrating biofeedback and neurofeedback directly into musical composition and performance.,content/library/entry/person/david-rosenboom/index.md
david-tudor,David Tudor,person,person,research,research;music,yes,high,"pianist turned live-electronics pioneer, Cage's essential interpreter, built the Rainforest feedback instruments.",content/library/entry/person/david-tudor/index.md
delia-derbyshire,Delia Derbyshire,person,person,research,research;music,yes,high,BBC Radiophonic Workshop composer who realized the Doctor Who theme and pioneered tape-based electronic sound.,content/library/entry/person/delia-derbyshire/index.md
denis-charles,Denis Charles,person,person,research,research;music,yes,high,"free-jazz drummer, longtime collaborator in Cecil Taylor's groups.",content/library/entry/person/denis-charles/index.md
denis-smalley,Denis Smalley,person,person,research,research;music,yes,high,"acousmatic composer who coined 'spectromorphology', worked at the GRM and directed an electroacoustic studio.",content/library/entry/person/denis-smalley/index.md
derek-bailey,Derek Bailey,person,person,research,research;music,yes,high,"guitarist central to free improvisation, co-founded the Music Improvisation Company and Incus Records.",content/library/entry/person/derek-bailey/index.md
dieter-moebius,Dieter Moebius,person,person,research,research;music,yes,high,"electronic musician, co-founder of Kluster, Cluster, and Harmonia.",content/library/entry/person/dieter-moebius/index.md
don-buchla,Don Buchla,person,person,research,research;music,yes,high,"co-inventor of the voltage-controlled modular synthesizer, built the Buchla 100 series.",content/library/entry/person/don-buchla/index.md
don-cherry,Don Cherry,person,person,research,research;music,yes,high,"trumpeter central to free jazz, known for pocket trumpet and world-music fusion.",content/library/entry/person/don-cherry/index.md
don-pullen,Don Pullen,person,person,research,research;music,yes,high,"pianist and organist central to free jazz, known for forearm-cluster technique.",content/library/entry/person/don-pullen/index.md
douglas-hofstadter,Douglas Hofstadter,person,person,research,research,no,medium,"cognitive scientist; Gödel, Escher, Bach analyzes musical structure (Bach) alongside art and logic, but Hofstadter has no musical practice of his own and the entry treats music only as analytical subject matter.",content/library/entry/person/douglas-hofstadter/index.md
ed-blackwell,Ed Blackwell,person,person,research,research;music,yes,high,jazz drummer whose New Orleans-rooted rhythm shaped Ornette Coleman's early quartet and Don Cherry's duo work.,content/library/entry/person/ed-blackwell/index.md
eddie-prevost,Eddie Prévost,person,person,research,research;music,yes,high,"percussionist, co-founder of AMM, founded Matchless Recordings to document improvised music.",content/library/entry/person/eddie-prevost/index.md
eduard-artemyev,Eduard Artemyev,person,person,research,research;music,yes,high,"electronic and film composer who worked on the ANS synthesizer and scored Tarkovsky's Solaris, The Mirror, and Stalker.",content/library/entry/person/eduard-artemyev/index.md
edward-tufte,Edward Tufte,person,person,research,research,no,high,"statistician and data-visualization pioneer; entry is entirely about graphical display of information, no musical connection.",content/library/entry/person/edward-tufte/index.md
eliane-radigue,Éliane Radigue,person,person,research,research;music,yes,high,"composer of slowly evolving electronic and acoustic drone music, GRM tape assistant to Schaeffer and Henry.",content/library/entry/person/eliane-radigue/index.md
else-marie-pade,Else Marie Pade,person,person,research,research;music,yes,high,"first Danish composer of electronic and concrete music, produced tape works for Danmarks Radio.",content/library/entry/person/else-marie-pade/index.md
ennio-morricone,Ennio Morricone,person,person,research,research;music,yes,high,film composer and member of the improvising Gruppo di Improvvisazione Nuova Consonanza.,content/library/entry/person/ennio-morricone/index.md
erkki-kurenniemi,Erkki Kurenniemi,person,person,research,research;music,yes,high,built the University of Helsinki's electronic music studio and designed the DIMI series of electronic instruments.,content/library/entry/person/erkki-kurenniemi/index.md
evan-parker,Evan Parker,person,person,research,research;music,yes,high,"saxophonist central to free improvisation, co-founded the Music Improvisation Company and Incus Records.",content/library/entry/person/evan-parker/index.md
felix-guattari,Félix Guattari,person,person,research,research,no,high,"psychoanalyst and philosopher; entry covers schizoanalysis and the rhizome, no musical practice described.",content/library/entry/person/felix-guattari/index.md
flo-menezes,Flo Menezes,person,person,research,research;music,yes,high,"composer, founder and director of Studio PANaroma, trained at Cologne's WDR electronic-music studio.",content/library/entry/person/flo-menezes/index.md
francisco-varela,Francisco Varela,person,person,research,research,no,high,"biologist and philosopher; co-originator of autopoiesis and later cognitive science, no musical practice described.",content/library/entry/person/francisco-varela/index.md
francois-bayle,François Bayle,person,person,research,research;music,yes,high,"acousmatic composer who coined the term, led the GRM, and developed the multi-speaker Acousmonium.",content/library/entry/person/francois-bayle/index.md
frank-lowe,Frank Lowe,person,person,research,research;music,yes,high,"tenor saxophonist associated with free jazz, recorded Duo Exchange and founded Survival Records.",content/library/entry/person/frank-lowe/index.md
frederic-rzewski,Frederic Rzewski,person,person,research,research;music,yes,high,"composer and pianist, co-founder of Musica Elettronica Viva.",content/library/entry/person/frederic-rzewski/index.md
genesis-p-orridge,Genesis P-Orridge,person,person,research,research;music,yes,high,"Throbbing Gristle founding vocalist, formative figure in industrial music, later founded Psychic TV.",content/library/entry/person/genesis-p-orridge/index.md
georg-cantor,Georg Cantor,person,person,research,research,no,high,"mathematician; founded set theory and transfinite numbers, no musical connection described.",content/library/entry/person/georg-cantor/index.md
george-lewis,George Lewis,person,person,research,research;music,yes,high,"trombonist and composer, AACM member, created the interactive improvisation software Voyager.",content/library/entry/person/george-lewis/index.md
george-orwell,George Orwell,person,person,research,research,no,high,"writer; Nineteen Eighty-Four and Newspeak concern language control and memory, no musical connection.",content/library/entry/person/george-orwell/index.md
georges-bataille,Georges Bataille,person,person,research,research,no,high,"philosopher and librarian; general economy and expenditure, no musical connection described.",content/library/entry/person/georges-bataille/index.md
gilbert-rouget,Gilbert Rouget,person,person,research,research;music,yes,high,ethnomusicologist who built the Musée de l'Homme's music recording studio and authored the comparative study Music and Trance.,content/library/entry/person/gilbert-rouget/index.md
gilles-deleuze,Gilles Deleuze,person,person,research,research,no,high,"philosopher of difference and multiplicity, no musical practice described in the entry.",content/library/entry/person/gilles-deleuze/index.md
gordon-mumma,Gordon Mumma,person,person,research,research;music,yes,high,"composer and horn player, co-founder of the Sonic Arts Union, built his own live-electronic circuitry.",content/library/entry/person/gordon-mumma/index.md
gordon-pask,Gordon Pask,person,person,research,research,no,high,"cybernetician known for conversation theory and adaptive teaching/art machines, no musical practice described.",content/library/entry/person/gordon-pask/index.md
gunter-muller,Günter Müller,person,person,research,research;music,yes,high,"percussionist turned electronic musician, founder of the For4Ears label, prolific free-improvisation recording career.",content/library/entry/person/gunter-muller/index.md
gx-jupitter-larsen,GX Jupitter-Larsen,person,person,research,research;music,yes,high,"noise artist leading The Haters, treats entropy and decay as compositional material across recordings and performance.",content/library/entry/person/gx-jupitter-larsen/index.md
han-bennink,Han Bennink,person,person,research,research;music,yes,high,"percussionist, co-founder of the Instant Composers Pool, central to Dutch and British free improvisation.",content/library/entry/person/han-bennink/index.md
hans-jenny,Hans Jenny,person,person,research,research,no,high,"[human-adjudicated at review checkpoint] physician whose experiments coined cymatics, the scientific study of visible sound/vibration; a study of acoustic physics rather than musical composition or performance.",content/library/entry/person/hans-jenny/index.md
hans-joachim-roedelius,Hans-Joachim Roedelius,person,person,research,research;music,yes,high,"electronic musician, co-founder of the Zodiak Free Arts Lab, Kluster, Cluster, and Harmonia.",content/library/entry/person/hans-joachim-roedelius/index.md
harry-partch,Harry Partch,person,person,research,research;music,yes,high,"composer and instrument builder, the central figure in the 20th-century revival of just intonation.",content/library/entry/person/harry-partch/index.md
heinz-von-foerster,Heinz von Foerster,person,person,research,research,no,high,"physicist and cybernetician, founder of second-order cybernetics and the Biological Computer Laboratory, no musical practice of his own described.",content/library/entry/person/heinz-von-foerster/index.md
herbert-brun,Herbert Brün,person,person,research,research;music,yes,high,cybernetician and composer who developed granular synthesis techniques and computer-generated graphic scores.,content/library/entry/person/herbert-brun/index.md
herbie-hancock,Herbie Hancock,person,person,research,research;music,yes,high,jazz musician who brought Moog modular synthesis into jazz and co-wrote the Grammy-winning 'Rockit.',content/library/entry/person/herbie-hancock/index.md
hermann-von-helmholtz,Hermann von Helmholtz,person,person,research,research;music,yes,medium,founder of modern acoustics and physiological tone perception; On the Sensations of Tone is subtitled a physiological basis for the theory of music and directly redirected Partch toward just intonation.,content/library/entry/person/hermann-von-helmholtz/index.md
hildegard-westerkamp,Hildegard Westerkamp,person,person,research,research;music,yes,high,"composer, World Soundscape Project member, co-founder of the World Forum for Acoustic Ecology.",content/library/entry/person/hildegard-westerkamp/index.md
hiroshi-yoshimura,Hiroshi Yoshimura,person,person,research,research;music,yes,high,"composer central to kankyo ongaku (environmental music), home-recorded keyboard works.",content/library/entry/person/hiroshi-yoshimura/index.md
hugh-davies,Hugh Davies,person,person,research,research;music,yes,high,"instrument builder and musician, Stockhausen's assistant, played in the Music Improvisation Company, founded Goldsmiths' Electronic Music Studios.",content/library/entry/person/hugh-davies/index.md
humberto-maturana,Humberto Maturana,person,person,research,research,no,high,"biologist, co-originator of autopoiesis, no musical practice described.",content/library/entry/person/humberto-maturana/index.md
iannis-xenakis,Iannis Xenakis,person,person,research,research;music,yes,high,composer and architect whose stochastic/set-theoretic methods are foundational to computer and electroacoustic music.,content/library/entry/person/iannis-xenakis/index.md
ikutaro-kakehashi,Ikutaro Kakehashi,person,person,research,research;music,yes,high,"founder of Roland, built the TR-808, TB-303, and Jupiter-8, co-developed the MIDI specification.",content/library/entry/person/ikutaro-kakehashi/index.md
j-allan-hobson,J. Allan Hobson,person,person,research,research,no,high,"[human-adjudicated at review checkpoint] sleep researcher whose Dreamstage exhibit translated live brain signals into light and music, but his core body of work is dream neuroscience, not musical practice.",content/library/entry/person/j-allan-hobson/index.md
jaap-vink,Jaap Vink,person,person,research,research;music,yes,high,"composer of feedback-based electronic music, staff teacher of analogue studio technique at the Institute of Sonology.",content/library/entry/person/jaap-vink/index.md
jacob-klein,Jacob Klein,person,person,research,research,no,high,"philosopher of phenomenology and the history of mathematics, no musical connection described.",content/library/entry/person/jacob-klein/index.md
james-mccartney,James McCartney,person,person,research,research;music,yes,high,"creator of SuperCollider, a widely used real-time audio-synthesis language.",content/library/entry/person/james-mccartney/index.md
james-tenney,James Tenney,person,person,research,research;music,yes,high,"composer and theorist working on Gestalt perception of musical form, just intonation, and computer music.",content/library/entry/person/james-tenney/index.md
jean-claude-eloy,Jean-Claude Éloy,person,person,research,research;music,yes,high,electroacoustic composer who realized Shânti at the WDR studio under Stockhausen's direction.,content/library/entry/person/jean-claude-eloy/index.md
jean-schwarz,Jean Schwarz,person,person,research,research;music,yes,high,electroacoustic composer associated with the GRM through the 1970s and 80s.,content/library/entry/person/jean-schwarz/index.md
jeph-jerman,Jeph Jerman,person,person,research,research;music,yes,high,"sound artist and field recordist, founder of the Big Body Parts label, prolific experimental-music practice built from found objects and homemade devices.",content/library/entry/person/jeph-jerman/index.md
jim-orourke,Jim O'Rourke,person,person,research,research;music,yes,high,"composer, guitarist, and producer whose work threads through free improvisation, noise, rock, and electronic music.",content/library/entry/person/jim-orourke/index.md
john-blacet,John Blacet,person,person,research,research;music,yes,medium,"founder of Blacet Research, synthesizer-module designer who championed the Frac Rack format through the modular revival.",content/library/entry/person/john-blacet/index.md
john-cage,John Cage,person,person,research,research;music,yes,high,"composer, central figure of postwar American experimental music and the New York School.",content/library/entry/person/john-cage/index.md
john-chowning,John Chowning,person,person,research,research;music,yes,high,composer who discovered FM synthesis and co-founded Stanford's CCRMA.,content/library/entry/person/john-chowning/index.md
john-conway,John Horton Conway,person,person,research,research,no,high,"mathematician; Game of Life, surreal numbers, and combinatorial game theory, no musical connection described.",content/library/entry/person/john-conway/index.md
john-duncan,John Duncan,person,person,research,research;music,yes,high,"noise and performance artist closely associated with LAFMS, formative link between American and Japanese noise scenes.",content/library/entry/person/john-duncan/index.md
john-oswald,John Oswald,person,person,research,research;music,yes,high,"composer who coined 'plunderphonics,' building entire compositions from recognizable fragments of other recordings.",content/library/entry/person/john-oswald/index.md
john-von-neumann,John von Neumann,person,person,research,research,no,high,"mathematician; foundational to computing, game theory, and self-reproducing automata, no musical connection described.",content/library/entry/person/john-von-neumann/index.md
john-wiese,John Wiese,person,person,research,research;music,yes,high,"noise musician, member of Sissy Spacek, founder of the Helicopter label.",content/library/entry/person/john-wiese/index.md
jon-appleton,Jon Appleton,person,person,research,research;music,yes,high,"composer whose dissatisfaction with existing synthesizers instigated the Synclavier's development, composed extensively on the instrument.",content/library/entry/person/jon-appleton/index.md
jon-hassell,Jon Hassell,person,person,research,research;music,yes,high,"trumpeter and composer who developed Fourth World music, fusing electronics with non-Western vocal and instrumental technique.",content/library/entry/person/jon-hassell/index.md
jorge-luis-borges,Jorge Luis Borges,person,person,research,research,no,high,"writer of labyrinthine fictions on infinity, time, and language; no musical connection described.",content/library/entry/person/jorge-luis-borges/index.md
jozef-patkowski,Józef Patkowski,person,person,research,research;music,yes,high,"musicologist, founder and long-serving director of the Polish Radio Experimental Studio.",content/library/entry/person/jozef-patkowski/index.md
julian-jaynes,Julian Jaynes,person,person,research,research,no,high,"psychologist; the bicameral-mind theory of consciousness, no musical connection described.",content/library/entry/person/julian-jaynes/index.md
karel-goeyvaerts,Karel Goeyvaerts,person,person,research,research;music,yes,high,composer central to early total serialism who realized one of the WDR studio's first sine-tone electronic pieces and later taught composition with computers at IPEM.,content/library/entry/person/karel-goeyvaerts/index.md
karl-niklas,Karl J. Niklas,person,person,research,research,no,high,botanist studying plant biomechanics and morphology; no musical practice or connection described.,content/library/entry/person/karl-niklas/index.md
karlheinz-stockhausen,Karlheinz Stockhausen,person,person,research,research;music,yes,high,"composer and director of the WDR electronic music studio, a central figure of postwar serialism and electronic music.",content/library/entry/person/karlheinz-stockhausen/index.md
kassel-jaeger,Kassel Jaeger,person,person,research,research;music,yes,high,composer and director of GRM who records albums under this alias; entry is entirely about his musical career.,content/library/entry/person/kassel-jaeger/index.md
keith-rowe,Keith Rowe,person,person,research,research;music,yes,high,founding member of AMM and a central figure of electroacoustic improvisation who invented tabletop guitar technique.,content/library/entry/person/keith-rowe/index.md
kenneth-gaburo,Kenneth Gaburo,person,person,research,research;music,yes,high,"composer and director of multiple university electronic music studios, pioneer of compositional linguistics in music.",content/library/entry/person/kenneth-gaburo/index.md
kevin-fortune,Kevin Fortune,person,person,research,research;music,yes,high,ambient musician and Serge circuit engineer who released ambient recordings and prototyped musical instrument circuits.,content/library/entry/person/kevin-fortune/index.md
kim-ryrie,Kim Ryrie,person,person,research,research;music,yes,high,"co-creator of the Fairlight CMI, a foundational digital musical instrument; entry is entirely about building it.",content/library/entry/person/kim-ryrie/index.md
kiyoshi-mizutani,Kiyoshi Mizutani,person,person,research,research;music,yes,high,co-founding member of Merzbow and prolific solo noise/field-recording musician.,content/library/entry/person/kiyoshi-mizutani/index.md
klaus-schulze,Klaus Schulze,person,person,research,research;music,yes,high,founding figure of the Berlin School electronic music scene with a solo discography of 60+ albums.,content/library/entry/person/klaus-schulze/index.md
knut-wiggen,Knut Wiggen,person,person,research,research;music,yes,high,composer and director of Elektronmusikstudion who created composition software and composed electronic works.,content/library/entry/person/knut-wiggen/index.md
la-monte-young,La Monte Young,person,person,research,research;music,yes,high,"composer, pioneer of minimalism, sustained drone, and just intonation.",content/library/entry/person/la-monte-young/index.md
laurie-spiegel,Laurie Spiegel,person,person,research,research;music,yes,high,"composer and pioneer of computer music and algorithmic composition, creator of the Music Mouse instrument program.",content/library/entry/person/laurie-spiegel/index.md
lejaren-hiller,Lejaren Hiller,person,person,research,research;music,yes,high,composer who produced the first computer-composed score and founded a university electronic music studio.,content/library/entry/person/lejaren-hiller/index.md
louis-andriessen,Louis Andriessen,person,person,research,research;music,yes,high,leading Dutch composer of his generation and co-founder of STEIM.,content/library/entry/person/louis-andriessen/index.md
luc-ferrari,Luc Ferrari,person,person,research,research;music,yes,high,"composer and founding member of GRM, pioneer of anecdotal music built from field recording.",content/library/entry/person/luc-ferrari/index.md
maggi-payne,Maggi Payne,person,person,research,research;music,yes,high,"composer, flutist, and sound engineer who taught and directed the Mills College Center for Contemporary Music for decades.",content/library/entry/person/maggi-payne/index.md
mal-waldron,Mal Waldron,person,person,research,research;music,yes,high,"jazz pianist and composer, Billie Holiday's accompanist and longtime Steve Lacy duo partner.",content/library/entry/person/mal-waldron/index.md
marcus-schmickler,Marcus Schmickler,person,person,research,research;music,yes,high,"composer and producer working across electronic music, sound installation, and electroacoustic improvisation.",content/library/entry/person/marcus-schmickler/index.md
mark-fell,Mark Fell,person,person,research,research;music,yes,high,"musician and artist working in algorithmic composition, rhythm, and microtonal synthesis, half of the duo SND.",content/library/entry/person/mark-fell/index.md
markus-popp,Markus Popp,person,person,research,research;music,yes,high,computer musician and glitch-music pioneer as Oval and half of Microstoria.,content/library/entry/person/markus-popp/index.md
maryanne-amacher,Maryanne Amacher,person,person,research,research;music,yes,high,composer of structure-borne sound and otoacoustic-emission works; entire entry concerns her compositional practice.,content/library/entry/person/maryanne-amacher/index.md
masahiko-togashi,Masahiko Togashi,person,person,research,research;music,yes,high,Japanese free-jazz percussionist and improviser.,content/library/entry/person/masahiko-togashi/index.md
masami-akita,Masami Akita,person,person,research,research;music,yes,high,"founder of Merzbow, one of the most prolific noise musicians on record.",content/library/entry/person/masami-akita/index.md
masayuki-takayanagi,Masayuki Takayanagi,person,person,research,research;music,yes,high,Japanese free-jazz guitarist and pioneer of noise improvisation.,content/library/entry/person/masayuki-takayanagi/index.md
max-mathews,Max Mathews,person,person,research,research;music,yes,high,"wrote MUSIC, the first widely used computer program for generating sound, foundational to all subsequent computer music.",content/library/entry/person/max-mathews/index.md
merrill-ellis,Merrill Ellis,person,person,research,research;music,yes,high,composer who founded a university electronic music program and worked with Robert Moog on a portable performance synthesizer.,content/library/entry/person/merrill-ellis/index.md
michael-allen-z-prime,Michael Allen Z Prime,person,person,research,research;music,yes,high,composer working with bioelectrical sound sources as compositional material and founding member of the improvisation group Morphogenesis.,content/library/entry/person/michael-allen-z-prime/index.md
michael-hoenig,Michael Hoenig,person,person,research,research;music,yes,high,"electronic musician (Agitation Free, briefly Tangerine Dream) and later film/TV composer.",content/library/entry/person/michael-hoenig/index.md
michael-stearns,Michael Stearns,person,person,research,research;music,yes,high,founding figure of the Californian ambient/space-music scene and prolific film sound designer.,content/library/entry/person/michael-stearns/index.md
michel-waisvisz,Michel Waisvisz,person,person,research,research;music,yes,high,"director of STEIM and creator of The Hands, a foundational gestural electronic performance instrument.",content/library/entry/person/michel-waisvisz/index.md
mika-vainio,Mika Vainio,person,person,research,research;music,yes,high,"sound artist and co-founder of Pan Sonic, a defining act of electronic minimalism.",content/library/entry/person/mika-vainio/index.md
miles-davis,Miles Davis,person,person,research,research;music,yes,high,trumpeter and bandleader central to the development of modal jazz and jazz fusion.,content/library/entry/person/miles-davis/index.md
milford-graves,Milford Graves,person,person,research,research;music,yes,high,free-jazz percussionist whose rhythm/heartbeat research grew directly out of his drumming practice.,content/library/entry/person/milford-graves/index.md
miller-puckette,Miller Puckette,person,person,research,research;music,yes,high,"creator of Max and Pure Data, foundational music/multimedia programming environments.",content/library/entry/person/miller-puckette/index.md
milton-babbitt,Milton Babbitt,person,person,research,research;music,yes,high,composer and theorist who extended twelve-tone method into total serialism and composed on the RCA Mark II.,content/library/entry/person/milton-babbitt/index.md
misha-mengelberg,Misha Mengelberg,person,person,research,research;music,yes,high,"pianist and composer, co-founder of the Instant Composers Pool and a founding STEIM composer.",content/library/entry/person/misha-mengelberg/index.md
morton-feldman,Morton Feldman,person,person,research,research;music,yes,high,"composer central to the New York School, known for quiet, indeterminately-notated music.",content/library/entry/person/morton-feldman/index.md
morton-subotnick,Morton Subotnick,person,person,research,research;music,yes,high,composer and co-founder of the San Francisco Tape Music Center whose collaboration with Buchla shaped the modular synthesizer.,content/library/entry/person/morton-subotnick/index.md
nicolas-collins,Nicolas Collins,person,person,research,research;music,yes,high,"composer and sound artist, pioneer of microcomputers in live musical performance.",content/library/entry/person/nicolas-collins/index.md
norbert-wiener,Norbert Wiener,person,person,research,research,no,high,"founder of cybernetics; entry documents his systems/feedback theory, no musical practice described.",content/library/entry/person/norbert-wiener/index.md
nuno-canavarro,Nuno Canavarro,person,person,research,research;music,yes,high,"musician known for Plux Quba, a touchstone of electronic sound-collage.",content/library/entry/person/nuno-canavarro/index.md
ornette-coleman,Ornette Coleman,person,person,research,research;music,yes,high,"saxophonist/composer, developer of harmolodics and a founding figure of free jazz.",content/library/entry/person/ornette-coleman/index.md
otomo-yoshihide,Otomo Yoshihide,person,person,research,research;music,yes,high,"guitarist, turntablist, and composer, central figure of Japanese free improvisation and the Tokyo onkyo scene.",content/library/entry/person/otomo-yoshihide/index.md
otto-luening,Otto Luening,person,person,research,research;music,yes,high,"composer and tape-music pioneer, co-founder of the Columbia-Princeton Electronic Music Center.",content/library/entry/person/otto-luening/index.md
patrick-gleeson,Patrick Gleeson,person,person,research,research;music,yes,high,synthesist who pioneered live synthesizer performance in jazz with Herbie Hancock and engineered other electronic recordings.,content/library/entry/person/patrick-gleeson/index.md
paul-demarinis,Paul DeMarinis,person,person,research,research;music,yes,high,"sound/installation artist and member of the League of Automatic Music Composers, one of the first networked-computer performance ensembles.",content/library/entry/person/paul-demarinis/index.md
paul-ryan,Paul Ryan,person,person,research,research,no,high,"video artist and cybernetician; entry documents Raindance media collective and Cybernetics of the Sacred, no musical practice described.",content/library/entry/person/paul-ryan/index.md
pauline-oliveros,Pauline Oliveros,person,person,research,research;music,yes,high,"composer and improviser, co-founder of the San Francisco Tape Music Center and originator of Deep Listening.",content/library/entry/person/pauline-oliveros/index.md
pete-namlook,Pete Namlook,person,person,research,research;music,yes,high,ambient/electronic musician who founded the FAX label and released a vast body of solo and collaborative work.,content/library/entry/person/pete-namlook/index.md
peter-christopherson,Peter Christopherson,person,person,research,research;music,yes,high,"founding member of both Throbbing Gristle and Coil, pivotal industrial/experimental music groups.",content/library/entry/person/peter-christopherson/index.md
peter-kolman,Peter Kolman,person,person,research,research;music,yes,high,composer and artistic director of the Experimental Studio of Czechoslovak Radio.,content/library/entry/person/peter-kolman/index.md
peter-rehberg,Peter Rehberg,person,person,research,research;music,yes,high,"musician (as Pita) and label head who ran Mego and Editions Mego, central to experimental electronic music.",content/library/entry/person/peter-rehberg/index.md
peter-vogel,Peter Vogel,person,person,research,research;music,yes,high,"co-creator of the Fairlight CMI, a foundational digital musical instrument.",content/library/entry/person/peter-vogel/index.md
peter-zinovieff,Peter Zinovieff,person,person,research,research;music,yes,high,"co-founder of Electronic Music Studios (EMS), which released the VCS3 synthesizer.",content/library/entry/person/peter-zinovieff/index.md
pharoah-sanders,Pharoah Sanders,person,person,research,research;music,yes,high,tenor saxophonist central to spiritual jazz and John Coltrane's late ensembles.,content/library/entry/person/pharoah-sanders/index.md
pierre-schaeffer,Pierre Schaeffer,person,person,research,research;music,yes,high,"founder of musique concrète and GRM, foundational figure of electronic/experimental music.",content/library/entry/person/pierre-schaeffer/index.md
r-murray-schafer,R. Murray Schafer,person,person,research,research;music,yes,medium,composer who founded the World Soundscape Project and framed listening to the acoustic environment as a form of composition.,content/library/entry/person/r-murray-schafer/index.md
rashied-ali,Rashied Ali,person,person,research,research;music,yes,high,"drummer, John Coltrane's late-period drummer and a progenitor of free jazz drumming.",content/library/entry/person/rashied-ali/index.md
ray-kurzweil,Ray Kurzweil,person,person,research,research;music,yes,medium,"co-founded Kurzweil Music Systems with Stevie Wonder, applying his signal-processing work to a landmark digital music synthesizer, though most of his career lies outside music.",content/library/entry/person/ray-kurzweil/index.md
raymond-scott,Raymond Scott,person,person,research,research;music,yes,high,"composer and inventor of early automatic-composition machines (Electronium, Clavivox) and bandleader.",content/library/entry/person/raymond-scott/index.md
rex-probe,Rex Probe,person,person,research,research;music,yes,high,one of the CalArts students who built the first Serge modular synthesizer systems and later founded Sound Transform Systems to continue the instrument line.,content/library/entry/person/rex-probe/index.md
richard-chartier,Richard Chartier,person,person,research,research;music,yes,high,sound artist and founder of the Line label documenting minimalist compositional and installation music.,content/library/entry/person/richard-chartier/index.md
richard-factor,Richard Factor,person,person,research,research;music,yes,high,"[human-adjudicated at review checkpoint] co-founder of Eventide and inventor of an early A/D device behind its audio processors; entry frames this generically as 'audio processors,' not specifically musical instruments, though Eventide's gear is widely used in music production.",content/library/entry/person/richard-factor/index.md
richard-pinhas,Richard Pinhas,person,person,research,research;music,yes,high,"guitarist/electronic musician, founder of Heldon, fusing rock with synthesizers and cybernetic theory.",content/library/entry/person/richard-pinhas/index.md
richard-teitelbaum,Richard Teitelbaum,person,person,research,research;music,yes,high,"composer and co-founder of Musica Elettronica Viva, pioneer of biofeedback-controlled synthesizer music.",content/library/entry/person/richard-teitelbaum/index.md
robert-ashley,Robert Ashley,person,person,research,research;music,yes,high,composer of television operas and co-founder of the Sonic Arts Union electronic composers' collective.,content/library/entry/person/robert-ashley/index.md
robert-moog,Robert Moog,person,person,research,research;music,yes,high,"engineer and inventor of the Moog synthesizer, a foundational musical instrument.",content/library/entry/person/robert-moog/index.md
roger-linn,Roger Linn,person,person,research,research;music,yes,high,"instrument designer of the first sample-based drum machine and the Akai MPC, foundational music production tools.",content/library/entry/person/roger-linn/index.md
roland-kayn,Roland Kayn,person,person,research,research;music,yes,high,composer who applied cybernetic frameworks to composition.,content/library/entry/person/roland-kayn/index.md
ron-kuivila,Ron Kuivila,person,person,research,research;music,yes,high,"composer working in live electronics and experimental sound, student of Alvin Lucier.",content/library/entry/person/ron-kuivila/index.md
ronald-shannon-jackson,Ronald Shannon Jackson,person,person,research,research;music,yes,high,drummer who passed through major free-jazz bands and co-founded the group Last Exit.,content/library/entry/person/ronald-shannon-jackson/index.md
ryoji-ikeda,Ryoji Ikeda,person,person,research,research;music,yes,high,"artist working with sine tones, data, and mathematics as sound; entry centers on sound-based practice.",content/library/entry/person/ryoji-ikeda/index.md
sachiko-m,Sachiko M,person,person,research,research;music,yes,high,"musician who plays only a sampler's internal test tones, central figure of Tokyo's onkyo improvised-music scene.",content/library/entry/person/sachiko-m/index.md
satoshi-ashikawa,Satoshi Ashikawa,person,person,research,research;music,yes,high,"composer and co-founder of Sound Process, a key voice in kankyo ongaku (environmental music).",content/library/entry/person/satoshi-ashikawa/index.md
serge-tcherepnin,Serge Tcherepnin,person,person,research,research;music,yes,high,"composer and designer of the Serge modular synthesizer, a foundational instrument.",content/library/entry/person/serge-tcherepnin/index.md
sonny-sharrock,Sonny Sharrock,person,person,research,research;music,yes,high,guitarist who applied free jazz's harmonic freedom to electric guitar.,content/library/entry/person/sonny-sharrock/index.md
stafford-beer,Stafford Beer,person,person,research,research,no,high,founder of management cybernetics and designer of Project Cybersyn; no musical practice described.,content/library/entry/person/stafford-beer/index.md
stanislaw-lem,Stanisław Lem,person,person,research,research,no,high,writer and philosopher of technology using science fiction for cybernetic speculation; no musical connection described.,content/library/entry/person/stanislaw-lem/index.md
stephen-wolfram,Stephen Wolfram,person,person,research,research,no,high,scientist known for cellular automata and computational science; no musical practice or use described in the entry.,content/library/entry/person/stephen-wolfram/index.md
steve-lacy,Steve Lacy,person,person,research,research;music,yes,high,soprano saxophonist who revived the instrument in modern jazz and performed with Musica Elettronica Viva.,content/library/entry/person/steve-lacy/index.md
steve-reid,Steve Reid,person,person,research,research;music,yes,high,American jazz drummer and bandleader.,content/library/entry/person/steve-reid/index.md
steve-roach,Steve Roach,person,person,research,research;music,yes,high,ambient/electronic composer known for long-form synthesizer drone and desert soundscapes.,content/library/entry/person/steve-roach/index.md
steve-roden,Steve Roden,person,person,research,research;music,yes,high,"artist and musician who coined 'lowercase' sound, a quiet, object/field-recording-based musical practice.",content/library/entry/person/steve-roden/index.md
stevie-wonder,Stevie Wonder,person,person,research,research;music,yes,high,musician whose classic-period albums pioneered TONTO's synthesizer textures and who co-founded Kurzweil Music Systems.,content/library/entry/person/stevie-wonder/index.md
sun-ra,Sun Ra,person,person,research,research;music,yes,high,"jazz composer and bandleader, early adopter of electronic keyboards and synthesizers, pioneer of Afrofuturism.",content/library/entry/person/sun-ra/index.md
susumu-yokota,Susumu Yokota,person,person,research,research;music,yes,high,"electronic musician moving between techno, ambient, and sample-based composition.",content/library/entry/person/susumu-yokota/index.md
suzanne-ciani,Suzanne Ciani,person,person,research,research;music,yes,high,composer and pioneering Buchla synthesist across avant-garde and commercial sound design.,content/library/entry/person/suzanne-ciani/index.md
sydney-alonso,Sydney Alonso,person,person,research,research;music,yes,high,"co-creator of the Synclavier, a foundational digital musical instrument.",content/library/entry/person/sydney-alonso/index.md
terry-riley,Terry Riley,person,person,research,research;music,yes,high,"composer central to minimalism, tape delay, and just-intonation improvisation.",content/library/entry/person/terry-riley/index.md
tetsu-inoue,Tetsu Inoue,person,person,research,research;music,yes,high,"ambient musician known for dense, textural electronic soundscapes and FAX collaborations.",content/library/entry/person/tetsu-inoue/index.md
thomas-ankersmit,Thomas Ankersmit,person,person,research,research;music,yes,high,"sound artist working primarily on the Serge modular synthesizer, exploring psychoacoustic phenomena in performance and recordings.",content/library/entry/person/thomas-ankersmit/index.md
thomas-lehn,Thomas Lehn,person,person,research,research;music,yes,high,analog synthesist known for improvised performance on the EMS Synthi A.,content/library/entry/person/thomas-lehn/index.md
thorkell-sigurbjornsson,Thorkell Sigurbjörnsson,person,person,research,research;music,yes,high,prolific Icelandic composer with more than 350 works.,content/library/entry/person/thorkell-sigurbjornsson/index.md
tod-dockstader,Tod Dockstader,person,person,research,research;music,yes,high,self-taught composer of musique concrète built from tape manipulation.,content/library/entry/person/tod-dockstader/index.md
tom-oberheim,Tom Oberheim,person,person,research,research;music,yes,high,"instrument designer, founder of Oberheim Electronics, maker of foundational synthesizers.",content/library/entry/person/tom-oberheim/index.md
tony-conrad,Tony Conrad,person,person,research,research;music,yes,high,"violinist and composer, member of the Theatre of Eternal Music, carried drone practice into his own recordings.",content/library/entry/person/tony-conrad/index.md
tony-oxley,Tony Oxley,person,person,research,research;music,yes,high,"percussionist central to British free improvisation, co-founder of Incus Records.",content/library/entry/person/tony-oxley/index.md
toshimaru-nakamura,Toshimaru Nakamura,person,person,research,research;music,yes,high,"musician who invented the no-input mixing board, central figure of the onkyo improvised-music scene.",content/library/entry/person/toshimaru-nakamura/index.md
valentino-braitenberg,Valentino Braitenberg,person,person,research,research,no,high,neuroscientist and cyberneticist known for Vehicles; no musical practice described.,content/library/entry/person/valentino-braitenberg/index.md
vladimir-ussachevsky,Vladimir Ussachevsky,person,person,research,research;music,yes,high,"composer and tape-music pioneer, founding director of the Columbia-Princeton Electronic Music Center.",content/library/entry/person/vladimir-ussachevsky/index.md
w-ross-ashby,W. Ross Ashby,person,person,research,research,no,high,psychiatrist and cyberneticist who formulated the Law of Requisite Variety; no musical practice described.,content/library/entry/person/w-ross-ashby/index.md
warren-burt,Warren Burt,person,person,research,research;music,yes,high,"composer, pioneer of microtonality and lo-fi live electronics across five decades.",content/library/entry/person/warren-burt/index.md
wendy-carlos,Wendy Carlos,person,person,research,research;music,yes,high,composer and synthesist whose Switched-On Bach brought the Moog synthesizer to a mass audience.,content/library/entry/person/wendy-carlos/index.md
william-s-burroughs,William S. Burroughs,person,person,research,research,no,high,"[human-adjudicated at review checkpoint] writer whose cut-up method and tape-recorder experiments influenced later musique concrète/industrial practice, but the entry itself frames him as literary and about language as a control system rather than as a musician.",content/library/entry/person/william-s-burroughs/index.md
wolfgang-palm,Wolfgang Palm,person,person,research,research;music,yes,high,"inventor of wavetable synthesis and founder of PPG, a foundational synthesizer manufacturer.",content/library/entry/person/wolfgang-palm/index.md
bregman-electronic-music-studio,Bregman Electronic Music Studio,place,place,research,research;music,yes,high,"Dartmouth's electronic music studio, where the Synclavier was subsequently developed.",content/library/entry/place/bregman-electronic-music-studio/index.md
ems-putney,EMS Putney,place,place,research,research;music,yes,high,"Peter Zinovieff's electronic/computer music studio (MUSYS), precursor to EMS the company.",content/library/entry/place/ems-putney/index.md
espace-de-projection,Espace de Projection,place,place,research,research;music,yes,high,IRCAM's variable-acoustic concert hall built for musical performance.,content/library/entry/place/espace-de-projection/index.md
grm-studios,GRM Studios,place,place,research,research;music,yes,high,the Groupe de Recherches Musicales' electroacoustic composition and diffusion production studios.,content/library/entry/place/grm-studios/index.md
ircam-studios,IRCAM Studios,place,place,research,research;music,yes,high,IRCAM's computer-music research and composition studios.,content/library/entry/place/ircam-studios/index.md
maida-vale-studios,Maida Vale Studios,place,place,research,research;music,yes,high,"BBC studio complex, home of the BBC Radiophonic Workshop from 1958.",content/library/entry/place/maida-vale-studios/index.md
philips-research-laboratories-electronic-music-studio,Philips Research Laboratories Electronic Music Studio,place,place,research,research;music,yes,high,the facility where Varèse realized Poème électronique for the Philips Pavilion.,content/library/entry/place/philips-research-laboratories-electronic-music-studio/index.md
prentis-hall,Prentis Hall,place,place,research,research;music,yes,high,housed the Columbia-Princeton Electronic Music Center's studios and the RCA Mark II.,content/library/entry/place/prentis-hall/index.md
studio-54-du-grm,Studio 54 du GRM,place,place,research,research;music,yes,high,GRM's principal electroacoustic mixing and mastering studio.,content/library/entry/place/studio-54-du-grm/index.md
tower-folly,Tower Folly,place,place,research,research;music,yes,high,Daphne Oram's independent electronic music studio.,content/library/entry/place/tower-folly/index.md
adrenalinn,AdrenaLinn,system,hardware,research,research;music,yes,medium,digital drum-machine/amp-modeler effects unit — a musical instrument/effects device built and used for music production.,content/library/entry/system/adrenalinn/index.md
akai-mpc60,Akai MPC60,system,instrument,research,research;music,yes,high,sampler/drum-machine/sequencer foundational to hip-hop and sample-based music production.,content/library/entry/system/akai-mpc60/index.md
ans-synthesizer,ANS synthesizer,system,instrument,research,research;music,yes,high,Soviet photoelectronic musical instrument used by named composers and later by Coil for a dedicated album.,content/library/entry/system/ans-synthesizer/index.md
arp-2500,ARP 2500,system,instrument,research,research;music,yes,high,"modular synthesizer central to the analog synth lineage, used by Éliane Radigue for decades.",content/library/entry/system/arp-2500/index.md
arp-2600,ARP 2600,system,instrument,research,research;music,yes,high,"semi-modular synthesizer, direct successor in the same canonical instrument lineage.",content/library/entry/system/arp-2600/index.md
bela,Bela,system,hardware,research,research;music,yes,medium,embedded audio/sensor platform built specifically for musical instrument-building and sound installations.,content/library/entry/system/bela/index.md
bela-gem,Bela Gem,system,hardware,research,research;music,yes,medium,"successor board to Bela, same musical instrument-building platform and IDE.",content/library/entry/system/bela-gem/index.md
bela-gem-multi,Bela Gem Multi,system,hardware,research,research;music,yes,medium,multichannel variant of the same musical instrument-building platform (e.g. spatial audio).,content/library/entry/system/bela-gem-multi/index.md
buchla-100,Buchla 100,system,instrument,research,research;music,yes,high,foundational West Coast modular synthesizer commissioned by the San Francisco Tape Music Center.,content/library/entry/system/buchla-100/index.md
c-language,C,system,language,research,research,no,medium,"general-purpose systems language; entry frames it only as the foundation other music software (Cmusic, Csound) was written in, not itself a musical tool.",content/library/entry/system/c-language/index.md
cmusic,Cmusic,system,language,research,research;music,yes,high,MUSIC-N-descended computer music sound-synthesis language.,content/library/entry/system/cmusic/index.md
cpp-language,C++,system,language,research,research,no,medium,"general-purpose language; its only stated music role is as SuperCollider's implementation language, not a musical tool itself.",content/library/entry/system/cpp-language/index.md
csound,Csound,system,software,research,research;music,yes,high,"sound synthesis/signal-processing language in the MUSIC-N lineage, still in wide compositional use.",content/library/entry/system/csound/index.md
dec-pdp-10,DEC PDP-10,system,hardware,research,research,no,high,"[human-adjudicated at review checkpoint] general-purpose mainframe 'widely used across university computing and research centers'; computer-music use (Chowning's Stria at CCRMA) is a prominent named example but not the machine's defining purpose — genuinely arguable either way, flagged for editorial judgment.",content/library/entry/system/dec-pdp-10/index.md
din-sync,DIN sync,system,protocol,research,research;music,yes,high,hardware sync protocol built specifically to synchronize drum machines and sequencers.,content/library/entry/system/din-sync/index.md
e-mu-emulator-ii,E-mu Emulator II,system,instrument,research,research;music,yes,high,"1984 sampling keyboard, a musical instrument.",content/library/entry/system/e-mu-emulator-ii/index.md
ems-synthi-100,EMS Synthi 100,system,instrument,research,research;music,yes,high,"large-format synthesizer used by major electronic-music studios (BBC, WDR, IPEM) and musicians.",content/library/entry/system/ems-synthi-100/index.md
ems-synthi-a,EMS Synthi A,system,instrument,research,research;music,yes,high,portable synthesizer used by improvising musicians (Thomas Lehn) since 1989.,content/library/entry/system/ems-synthi-a/index.md
ems-synthi-aks,EMS Synthi AKS,system,instrument,research,research;music,yes,high,"portable synthesizer with built-in sequencer and touch keyboard, same VCS3 circuit lineage.",content/library/entry/system/ems-synthi-aks/index.md
ems-vcs3,EMS VCS3,system,instrument,research,research;music,yes,high,"early portable synthesizer closely associated with Eno, Kraftwerk, Pink Floyd, Jarre.",content/library/entry/system/ems-vcs3/index.md
ensoniq-esq-1,Ensoniq ESQ-1,system,instrument,research,research;music,yes,high,hybrid digital/analog multitimbral synthesizer/sequencer.,content/library/entry/system/ensoniq-esq-1/index.md
ensoniq-mirage,Ensoniq Mirage,system,instrument,research,research;music,yes,high,affordable digital sampling keyboard that broadened access to sampling.,content/library/entry/system/ensoniq-mirage/index.md
eventide-h3000,Eventide H3000,system,hardware,research,research;music,yes,medium,"digital multi-effects Harmonizer, a musical studio processing tool.",content/library/entry/system/eventide-h3000/index.md
eventide-h910,Eventide H910 Harmonizer,system,hardware,research,research;music,yes,high,"first Harmonizer pitch-shifter, heard on landmark recordings by Bowie, Kraftwerk, AC/DC.",content/library/entry/system/eventide-h910/index.md
eventide-h949,Eventide H949 Harmonizer,system,hardware,research,research;music,yes,medium,"Harmonizer-lineage pitch-shifting studio tool, successor to the H910.",content/library/entry/system/eventide-h949/index.md
eventide-sp2016,Eventide SP2016,system,hardware,research,research;music,yes,medium,first programmable hardware effects unit; its reverb algorithms became studio-production standards.,content/library/entry/system/eventide-sp2016/index.md
fairlight-cmi,Fairlight CMI,system,instrument,research,research;music,yes,high,"first polyphonic digital sampling synthesizer, used by Kate Bush, Brian Eno, and countless composers.",content/library/entry/system/fairlight-cmi/index.md
groove-system,GROOVE,system,software,research,research;music,yes,high,Max Mathews's real-time system letting a composer sketch and play back synthesizer control functions.,content/library/entry/system/groove-system/index.md
korg-monopoly,Korg Mono/Poly,system,instrument,research,research;music,yes,high,"analog synthesizer, favorite in techno and electro production.",content/library/entry/system/korg-monopoly/index.md
korg-ms-20,Korg MS-20,system,instrument,research,research;music,yes,high,"semi-modular analog synthesizer, mainstay of industrial/EBM/techno production.",content/library/entry/system/korg-ms-20/index.md
korg-polysix,Korg Polysix,system,instrument,research,research;music,yes,high,affordable analog polysynth with programmable memory.,content/library/entry/system/korg-polysix/index.md
korg-ps-3x00,Korg PS-3100 / PS-3200 / PS-3300,system,instrument,research,research;music,yes,high,early fully polyphonic analog synthesizers used notably by Vangelis and Jean-Michel Jarre.,content/library/entry/system/korg-ps-3x00/index.md
korg-wavestation,Korg Wavestation,system,instrument,research,research;music,yes,high,digital synthesizer built around Wave Sequencing timbral evolution.,content/library/entry/system/korg-wavestation/index.md
kyma,Kyma,system,software,research,research;music,yes,high,sound design language treating every level of a composition as a composable Sound Object.,content/library/entry/system/kyma/index.md
lexicon-224,Lexicon 224,system,hardware,research,research;music,yes,medium,"first commercially viable digital reverb, a music-production studio standard.",content/library/entry/system/lexicon-224/index.md
lexicon-480l,Lexicon 480L,system,hardware,research,research;music,yes,medium,industry-standard studio reverb processor found in studios worldwide.,content/library/entry/system/lexicon-480l/index.md
lexicon-prime-time,Lexicon Prime Time Model 93,system,hardware,research,research;music,yes,high,digital delay unit designed explicitly for musical effects rather than signal correction.,content/library/entry/system/lexicon-prime-time/index.md
lisp,Lisp,system,language,research,research,no,medium,general-purpose symbolic-programming language family; its music use (e.g. OpenMusic) is incidental to this entry's own general-AI framing.,content/library/entry/system/lisp/index.md
max-software,Max,system,software,research,research;music,yes,high,"visual programming language created specifically for music and multimedia, ancestor of Pure Data.",content/library/entry/system/max-software/index.md
midi,MIDI,system,protocol,research,research;music,yes,high,Musical Instrument Digital Interface — the definitional music-instrument communication protocol.,content/library/entry/system/midi/index.md
midi-polyphonic-expression,MIDI Polyphonic Expression (MPE),system,protocol,research,research;music,yes,high,MIDI extension enabling expressive per-note musical instrument control.,content/library/entry/system/midi-polyphonic-expression/index.md
minimoog-model-d,Minimoog Model D,system,instrument,research,research;music,yes,high,archetypal compact synthesizer that set the template for the electronic keyboard.,content/library/entry/system/minimoog-model-d/index.md
moog-modular-synthesizer,Moog Modular Synthesizer,system,instrument,research,research;music,yes,high,"original voltage-controlled modular synthesizer, famously played by Wendy Carlos on Switched-On Bach.",content/library/entry/system/moog-modular-synthesizer/index.md
music-v,Music V,system,language,research,research;music,yes,high,"Max Mathews's computer music language, seeded much of the computer-music software lineage.",content/library/entry/system/music-v/index.md
nonlinear-labs-c15,Nonlinear Labs C15,system,instrument,research,research;music,yes,high,digital synthesizer built specifically for expressive real-time playing.,content/library/entry/system/nonlinear-labs-c15/index.md
oberheim-sem,Oberheim SEM,system,instrument,research,research;music,yes,high,"synthesizer voice module, Oberheim's first sound-generating product.",content/library/entry/system/oberheim-sem/index.md
oberheim-xpander,Oberheim Xpander,system,instrument,research,research;music,yes,high,extensively programmable rack-mount analog synthesizer.,content/library/entry/system/oberheim-xpander/index.md
open-sound-control,Open Sound Control (OSC),system,protocol,research,research;music,yes,medium,network protocol for sound/media control developed at a music-technology center (CNMAT) and positioned directly as a MIDI alternative for musical performance systems.,content/library/entry/system/open-sound-control/index.md
openmusic,OpenMusic,system,software,research,research;music,yes,high,"IRCAM's computer-aided composition environment, used by Saariaho, Murail, Ferneyhough.",content/library/entry/system/openmusic/index.md
pepsi-pavilion-sound-modifier-console,Pepsi Pavilion Sound Modifier Console,system,interface,research,research;music,yes,high,playable control surface for David Tudor's Pepsi Pavilion sound 'instrument.',content/library/entry/system/pepsi-pavilion-sound-modifier-console/index.md
pepsi-pavilion-sound-system,Pepsi Pavilion Sound System,system,system,research,research;music,yes,high,designed by David Tudor explicitly as an 'instrument' — a major electronic sound-art/performance system.,content/library/entry/system/pepsi-pavilion-sound-system/index.md
ppg-wave-2,PPG Wave 2,system,instrument,research,research;music,yes,high,wavetable synthesizer that helped define the sound of early-1980s electronic pop.,content/library/entry/system/ppg-wave-2/index.md
ppg-waveterm,PPG Waveterm,system,hardware,research,research;music,yes,high,"companion computer for waveform drawing/sampling on PPG synthesizers, an instrument accessory.",content/library/entry/system/ppg-waveterm/index.md
project-cybersyn,Project Cybersyn,system,system,research,research,no,high,cybernetic real-time economic-management system built for the Chilean government; no musical role whatsoever.,content/library/entry/system/project-cybersyn/index.md
pure-data,Pure Data,system,software,research,research;music,yes,high,"open-source visual programming language for music, Miller Puckette's successor to Max.",content/library/entry/system/pure-data/index.md
python-language,Python,system,language,research,research,no,medium,"general-purpose scripting language; its music role is only as an incidental control/scripting layer, not itself a musical tool.",content/library/entry/system/python-language/index.md
rca-mark-ii-sound-synthesizer,RCA Mark II Sound Synthesizer,system,instrument,research,research;music,yes,high,"first programmable electronic synthesizer, the central instrument of the Columbia-Princeton Electronic Music Center.",content/library/entry/system/rca-mark-ii-sound-synthesizer/index.md
roland-d50,Roland D-50,system,instrument,research,research;music,yes,high,"digital synthesizer combining sampled transients with synthesized tones, defined a late-1980s sound.",content/library/entry/system/roland-d50/index.md
roland-jupiter-8,Roland Jupiter-8,system,instrument,research,research;music,yes,high,"eight-voice programmable analog synthesizer, a flagship professional instrument.",content/library/entry/system/roland-jupiter-8/index.md
roland-system-100,Roland System 100,system,instrument,research,research;music,yes,high,semi-modular synthesizer system.,content/library/entry/system/roland-system-100/index.md
roland-system-100m,Roland System 100M,system,instrument,research,research;music,yes,high,fully modular expansion of the System 100 concept.,content/library/entry/system/roland-system-100m/index.md
roland-system-700,Roland System 700,system,instrument,research,research;music,yes,high,Roland's first professional-quality modular synthesizer.,content/library/entry/system/roland-system-700/index.md
sail-language,SAIL,system,language,research,research,no,high,"[human-adjudicated at review checkpoint] general-purpose Stanford AI language; the entry's summary foregrounds its CCRMA/Stria use, but the language itself was built for AI research, not music — genuinely arguable either way, same tension as DEC PDP-10, flagged for editorial judgment.",content/library/entry/system/sail-language/index.md
serge-modular-synthesizer,Serge Modular Synthesizer,system,instrument,research,research;music,yes,high,flexible patchable modular synthesizer defining the West Coast wavefolding sound.,content/library/entry/system/serge-modular-synthesizer/index.md
supercollider,SuperCollider,system,software,research,research;music,yes,high,audio synthesis and algorithmic composition language.,content/library/entry/system/supercollider/index.md
synclavier-ii,Synclavier II,system,instrument,research,research;music,yes,high,first commercially available real-time digital synthesis and sampling instrument.,content/library/entry/system/synclavier-ii/index.md
synclavier-regen,Synclavier Regen,system,instrument,research,research;music,yes,high,modern desktop synthesizer continuing the Synclavier II's DSP engine.,content/library/entry/system/synclavier-regen/index.md
synton-fenix-i,Synton Fénix,system,instrument,research,research;music,yes,high,handbuilt analog modular synthesizer.,content/library/entry/system/synton-fenix-i/index.md
synton-fenix-ii,Synton Fénix II,system,instrument,research,research;music,yes,high,expanded modular synthesizer with companion sequencer.,content/library/entry/system/synton-fenix-ii/index.md
synton-syrinx,Synton Syrinx,system,instrument,research,research;music,yes,high,rare monophonic analog synthesizer used by Martin Gore and Aphex Twin.,content/library/entry/system/synton-syrinx/index.md
tonto,TONTO (The Original New Timbral Orchestra),system,instrument,research,research;music,yes,high,massive multitimbral modular synthesizer central to Stevie Wonder's classic-period albums.,content/library/entry/system/tonto/index.md
upic,UPIC,system,instrument,research,research;music,yes,high,Xenakis's graphic composition system translating drawings directly into sound.,content/library/entry/system/upic/index.md
waldorf-microwave-xt,Waldorf Microwave XT,system,instrument,research,research;music,yes,high,wavetable synthesizer explicitly reviving the PPG Wave lineage.,content/library/entry/system/waldorf-microwave-xt/index.md
yamaha-dx1,Yamaha DX1,system,instrument,research,research;music,yes,high,FM synthesizer flagship built on Chowning's FM synthesis algorithm.,content/library/entry/system/yamaha-dx1/index.md
yamaha-dx7,Yamaha DX7,system,instrument,research,research;music,yes,high,"best-selling synthesizer of all time, defined much of 1980s pop production.",content/library/entry/system/yamaha-dx7/index.md
20-jazz-funk-greats,20 Jazz Funk Greats,work,album,research,research;music,yes,high,"Throbbing Gristle industrial album, foundational to the group's musical catalogue.",content/library/entry/work/20-jazz-funk-greats/index.md
62-eulengasse,62 Eulengasse,work,album,research,research;music,yes,high,Namlook/Inoue ambient collaboration album.,content/library/entry/work/62-eulengasse/index.md
a-little-noise-in-the-system,A Little Noise in the System,work,composition,research,research;music,yes,high,Pauline Oliveros electronic composition realized at UCSD's electronic music studio.,content/library/entry/work/a-little-noise-in-the-system/index.md
a-selection-of-improvisations,A Selection of Improvisations (1989-2017),work,album,research,research;music,yes,high,"Compilation of analog synthesizer improvisations, a musical album.",content/library/entry/work/a-selection-of-improvisations/index.md
a-thousand-plateaus,A Thousand Plateaus,work,book,research,research,no,high,Deleuze/Guattari philosophy text; no musical content described.,content/library/entry/work/a-thousand-plateaus/index.md
acrid-acme-of-p16d4,Acrid Acme (of) P16.D4,work,album,research,research;music,yes,high,"P16.D4 tape-composition and noise album, including a Merzbow collaboration.",content/library/entry/work/acrid-acme-of-p16d4/index.md
adnos,Adnos,work,album,research,research;music,yes,high,"Éliane Radigue's drone cycle for ARP 2500, a landmark electronic music work.",content/library/entry/work/adnos/index.md
after-the-heat,After the Heat,work,album,research,research;music,yes,high,Eno/Cluster (Eno Moebius Roedelius) collaborative album.,content/library/entry/work/after-the-heat/index.md
ambiant-otaku,Ambiant Otaku,work,album,research,research;music,yes,high,Tetsu Inoue ambient album.,content/library/entry/work/ambiant-otaku/index.md
an-approach-to-cybernetics,An Approach to Cybernetics,work,book,research,research,no,high,General cybernetics primer; no musical content.,content/library/entry/work/an-approach-to-cybernetics/index.md
andromeda-strain,The Andromeda Strain (Original Electronic Soundtrack),work,album,research,research;music,yes,high,"First all-synthesizer score for a feature film, a landmark in electronic film music.",content/library/entry/work/andromeda-strain/index.md
anti-oedipus,Anti-Oedipus,work,book,research,research,no,high,Deleuze/Guattari philosophy text; no musical content.,content/library/entry/work/anti-oedipus/index.md
architectural-relevance-of-cybernetics,The Architectural Relevance of Cybernetics,work,essay,research,research,no,high,Pask essay on architecture/cybernetics; no musical content.,content/library/entry/work/architectural-relevance-of-cybernetics/index.md
ask-the-ages,Ask the Ages,work,album,research,research;music,yes,high,Sonny Sharrock jazz album with Pharoah Sanders and Elvin Jones.,content/library/entry/work/ask-the-ages/index.md
autobahn,Autobahn,work,album,research,research;music,yes,high,Kraftwerk's breakthrough electronic concept album.,content/library/entry/work/autobahn/index.md
automatic-writing,Automatic Writing,work,album,research,research;music,yes,high,Robert Ashley electronic-vocal album.,content/library/entry/work/automatic-writing/index.md
bamboo-from-asia-plus,Bamboo From Asia Plus,work,album,research,research;music,yes,high,Album built around bamboo and Asian wind instruments.,content/library/entry/work/bamboo-from-asia-plus/index.md
bart,Bart,work,album,research,research;music,yes,high,Lehn/Schmickler improvised electronic duo album.,content/library/entry/work/bart/index.md
beauty-in-the-beast,Beauty in the Beast,work,album,research,research;music,yes,high,Wendy Carlos album exploring original scales and just-intonation tunings.,content/library/entry/work/beauty-in-the-beast/index.md
before-and-after-science,Before and After Science,work,album,research,research;music,yes,high,"Brian Eno album, transitional toward his ambient series.",content/library/entry/work/before-and-after-science/index.md
biofeedback-and-the-arts,Biofeedback and the Arts: Results of Early Experiments,work,book,research,research;music,yes,high,"[human-adjudicated at review checkpoint] Edited by composer David Rosenboom and closely tied to biofeedback music, but the book's own stated scope is 'creative practice' broadly, not specifically music.",content/library/entry/work/biofeedback-and-the-arts/index.md
bitches-brew,Bitches Brew,work,album,research,research;music,yes,high,Miles Davis's foundational jazz fusion album.,content/library/entry/work/bitches-brew/index.md
blue-veils-and-golden-sand,Blue Veils and Golden Sand,work,composition,research,research;music,yes,high,Delia Derbyshire BBC Radiophonic Workshop composition.,content/library/entry/work/blue-veils-and-golden-sand/index.md
bohor,Bohor,work,composition,research,research;music,yes,high,Xenakis electroacoustic composition.,content/library/entry/work/bohor/index.md
brain-of-the-firm,Brain of the Firm,work,book,research,research,no,high,Stafford Beer management-cybernetics text; no musical content.,content/library/entry/work/brain-of-the-firm/index.md
brainwave-music,Brainwave Music,work,album,research,research;music,yes,high,David Rosenboom's biofeedback-driven electronic music album.,content/library/entry/work/brainwave-music/index.md
changez-les-blockeurs,Changez les Blockeurs,work,album,research,research;music,yes,high,The New Blockaders' landmark noise album.,content/library/entry/work/changez-les-blockeurs/index.md
chemical-basis-of-morphogenesis,The Chemical Basis of Morphogenesis,work,paper,research,research,no,high,Turing's reaction-diffusion paper; no musical content.,content/library/entry/work/chemical-basis-of-morphogenesis/index.md
chicago-slow-dance,Chicago Slow Dance,work,album,research,research;music,yes,high,George Lewis live-electronics/trombone album with Richard Teitelbaum on modular Moog.,content/library/entry/work/chicago-slow-dance/index.md
city-of-light,City of Light,work,album,research,research;music,yes,high,Bill Laswell album featuring Coil and other electronic musicians.,content/library/entry/work/city-of-light/index.md
cluster-71,Cluster,work,album,research,research;music,yes,high,Cluster's debut electronic drone album.,content/library/entry/work/cluster-71/index.md
cluster-and-eno,Cluster & Eno,work,album,research,research;music,yes,high,Cluster/Eno collaborative electronic album.,content/library/entry/work/cluster-and-eno/index.md
cluster-ii,Cluster II,work,album,research,research;music,yes,high,Cluster's second electronic drone album.,content/library/entry/work/cluster-ii/index.md
computerwelt,Computerwelt,work,album,research,research;music,yes,high,Kraftwerk album on computers and information society.,content/library/entry/work/computerwelt/index.md
con,Con,work,album,research,research;music,yes,high,Conrad Schnitzler electronic album.,content/library/entry/work/con/index.md
concret-ph,Concret PH,work,composition,research,research;music,yes,high,Xenakis electroacoustic composition for the Philips Pavilion.,content/library/entry/work/concret-ph/index.md
cosmic-coincidence-control-center,Cosmic Coincidence Control Center,work,album,research,research;music,yes,high,C.C.C.C. noise/electronics debut album.,content/library/entry/work/cosmic-coincidence-control-center/index.md
cosmos-from-diode-ladder-filter,Cosmos From Diode Ladder Filter,work,album,research,research;music,yes,high,Space Machine all-analog cosmic-electronic album.,content/library/entry/work/cosmos-from-diode-ladder-filter/index.md
critical-path,Critical Path,work,book,research,research,no,high,Buckminster Fuller design-science text; no musical content.,content/library/entry/work/critical-path/index.md
cybernetics-and-management,Cybernetics and Management,work,book,research,research,no,high,Stafford Beer management-cybernetics text; no musical content.,content/library/entry/work/cybernetics-and-management/index.md
cybernetics-of-the-sacred,Cybernetics of the Sacred,work,book,research,research,no,high,Paul Ryan cybernetic media/ecology text; no musical content.,content/library/entry/work/cybernetics-of-the-sacred/index.md
cyborg,Cyborg,work,album,research,research;music,yes,high,Klaus Schulze electronic album.,content/library/entry/work/cyborg/index.md
cymatics,Cymatics,work,film,research,research,no,medium,"Documentary on vibration/wave physics making sound visible; a science film, not a musical work or practice.",content/library/entry/work/cymatics/index.md
cymatics-wave-phenomena-and-vibration,Cymatics: A Study of Wave Phenomena and Vibration,work,book,research,research,no,medium,Foundational study of vibrational physics phenomena; not music.,content/library/entry/work/cymatics-wave-phenomena-and-vibration/index.md
dart-drug,Dart Drug,work,album,research,research;music,yes,high,Derek Bailey/Jamie Muir improvised duo album.,content/library/entry/work/dart-drug/index.md
de-natura-sonorum,De Natura Sonorum,work,album,research,research;music,yes,high,Bernard Parmegiani's electroacoustic studies cycle.,content/library/entry/work/de-natura-sonorum/index.md
default-standard,Default Standard,work,album,research,research;music,yes,high,Incapacitants noise album.,content/library/entry/work/default-standard/index.md
deluxe-harmonia,Deluxe,work,album,research,research;music,yes,high,Harmonia's second electronic album.,content/library/entry/work/deluxe-harmonia/index.md
departure-from-the-northern-wasteland,Departure From the Northern Wasteland,work,album,research,research;music,yes,high,Michael Hoenig Berlin School synthesizer album.,content/library/entry/work/departure-from-the-northern-wasteland/index.md
descending-moonshine-dervishes,Descending Moonshine Dervishes,work,album,research,research;music,yes,high,Terry Riley just-intonation organ improvisation album.,content/library/entry/work/descending-moonshine-dervishes/index.md
desert-solitaire,Desert Solitaire,work,album,research,research;music,yes,high,Roach/Braheny/Stearns ambient synthesizer collaboration album.,content/library/entry/work/desert-solitaire/index.md
designing-freedom,Designing Freedom,work,lecture,research,research,no,high,Stafford Beer's Massey Lectures on management cybernetics; no musical content.,content/library/entry/work/designing-freedom/index.md
diamorphoses,Diamorphoses,work,composition,research,research;music,yes,high,Xenakis electroacoustic composition.,content/library/entry/work/diamorphoses/index.md
die-mensch-maschine,Die Mensch-Maschine,work,album,research,research;music,yes,high,Kraftwerk album.,content/library/entry/work/die-mensch-maschine/index.md
difference-and-repetition,Difference and Repetition,work,book,research,research,no,high,Deleuze philosophy thesis; no musical content.,content/library/entry/work/difference-and-repetition/index.md
don-cherry-terry-riley-koln-1975,"Terry Riley / Don Cherry: Live, Köln 1975",work,album,research,research;music,yes,high,Live recording pairing Riley's synthesizers with Cherry's trumpet.,content/library/entry/work/don-cherry-terry-riley-koln-1975/index.md
dreamer-lo91,Dreamer,work,album,research,research;music,yes,high,Susumu Yokota album.,content/library/entry/work/dreamer/index.md
dreamstage,Dreamstage,work,installation,research,research,no,high,"[human-adjudicated at review checkpoint] Multimedia sleep-research exhibit whose live synthesizer music (composed by Paul Earls) was substantial but secondary to its primary subject, dream/sleep science.",content/library/entry/work/dreamstage/index.md
dresden-venezia-megaton,Dresden / Venezia / Megaton,work,album,research,research;music,yes,high,Gordon Mumma electroacoustic album collecting tape-collage/live-electronic works.,content/library/entry/work/dresden-venezia-megaton/index.md
duo-exchange-complete-sessions,Duo Exchange: Complete Sessions,work,album,research,research;music,yes,high,Rashied Ali/Frank Lowe free-jazz duo sessions.,content/library/entry/work/duo-exchange-complete-sessions/index.md
eclipse-takayanagi,Eclipse,work,album,research,research;music,yes,high,Masayuki Takayanagi free-jazz/improvisation album.,content/library/entry/work/eclipse-takayanagi/index.md
eddie-prevost-organum-flayed-crux,Flayed / Crux,work,album,research,research;music,yes,high,Eddie Prévost/Organum collaborative percussion-and-drone album.,content/library/entry/work/eddie-prevost-organum-flayed-crux/index.md
eight-electronic-pieces,Eight Electronic Pieces,work,album,research,research;music,yes,high,Tod Dockstader's foundational musique concrète debut.,content/library/entry/work/eight-electronic-pieces/index.md
electric-sound,Electric Sound,work,album,research,research;music,yes,high,Sonic Arts Union live-electronics compilation album.,content/library/entry/work/electric-sound/index.md
electronic-meditation,Electronic Meditation,work,album,research,research;music,yes,high,Tangerine Dream's debut album.,content/library/entry/work/electronic-meditation/index.md
erda-suite-n,Erda / Suite N,work,album,research,research;music,yes,high,Jean Schwarz electroacoustic pieces.,content/library/entry/work/erda-suite-n/index.md
erosphere,Érosphère,work,composition,research,research;music,yes,high,François Bayle's acousmatic composition.,content/library/entry/work/erosphere/index.md
evolutionary-biology-of-plants,The Evolutionary Biology of Plants,work,book,research,research,no,high,Plant biomechanics/morphology text; no musical content.,content/library/entry/work/evolutionary-biology-of-plants/index.md
feedback-of-n-m-s,Feedback of N.M.S.,work,album,research,research;music,yes,high,Incapacitants noise album.,content/library/entry/work/feedback-of-n-m-s/index.md
feldstaerken,Feldstärken,work,album,research,research;music,yes,high,Thomas Lehn analog synthesizer improvisation album.,content/library/entry/work/feldstaerken/index.md
filament-2-secret-recordings-2,Filament 2: Secret Recordings,work,album,research,research;music,yes,high,Sachiko M/Müller/Otomo electroacoustic improvisation album.,content/library/entry/work/filament-2-secret-recordings-2/index.md
fingers-breath,Fingers Breath,work,album,research,research;music,yes,high,Hands To cassette of homemade-instrument sound work.,content/library/entry/work/fingers-breath/index.md
firestarter,Firestarter (Music From the Original Motion Picture Soundtrack),work,album,research,research;music,yes,high,Tangerine Dream film score album.,content/library/entry/work/firestarter/index.md
fish-that-sparkling-bubble,Fish That Sparkling Bubble,work,album,research,research;music,yes,high,Borbetomagus/Voice Crack collaborative noise/improvisation album.,content/library/entry/work/fish-that-sparkling-bubble/index.md
flora,Flora,work,album,research,research;music,yes,high,Hiroshi Yoshimura environmental keyboard music album.,content/library/entry/work/flora/index.md
fontana-mix,Fontana Mix,work,composition,research,research;music,yes,high,John Cage's indeterminate composition.,content/library/entry/work/fontana-mix/index.md
forbidden-planet,Forbidden Planet,work,album,research,research;music,yes,high,Barron's first wholly electronic film soundtrack.,content/library/entry/work/forbidden-planet/index.md
formalized-music,Formalized Music,work,book,research,research;music,yes,high,Xenakis's treatise on stochastic and computational approaches to musical composition.,content/library/entry/work/formalized-music/index.md
fourth-world-vol-1-possible-musics,"Fourth World, Vol. 1: Possible Musics",work,album,research,research;music,yes,high,Hassell/Eno album founding 'Fourth World' music.,content/library/entry/work/fourth-world-vol-1-possible-musics/index.md
gaku-no-michi,Gaku-no-Michi,work,album,research,research;music,yes,high,Jean-Claude Eloy's long-form electroacoustic work.,content/library/entry/work/gaku-no-michi/index.md
gendy3,Gendy3,work,composition,research,research;music,yes,high,Xenakis electroacoustic composition.,content/library/entry/work/gendy3/index.md
godel-escher-bach,"Gödel, Escher, Bach: An Eternal Golden Braid",work,book,research,research,no,medium,Cognitive-science/logic text using music (Bach) as one motif among several; not a musical work or practice itself.,content/library/entry/work/godel-escher-bach/index.md
going-out-with-slow-smoke,Going Out With Slow Smoke,work,album,research,research;music,yes,high,Kuivila/Collins split album of live-electronic work.,content/library/entry/work/going-out-with-slow-smoke/index.md
greek-mathematical-thought,Greek Mathematical Thought and the Origin of Algebra,work,book,research,research,no,high,History-of-mathematics text; no musical content.,content/library/entry/work/greek-mathematical-thought/index.md
green,Green,work,album,research,research;music,yes,high,Hiroshi Yoshimura album.,content/library/entry/work/green/index.md
green-wheels,Green Wheels,work,album,research,research;music,yes,high,Merzbow noise album.,content/library/entry/work/green-wheels/index.md
handmade-electronic-music,Handmade Electronic Music: The Art of Hardware Hacking,work,book,research,research;music,yes,high,Nicolas Collins's guide to building/hacking electronic musical instruments.,content/library/entry/work/handmade-electronic-music/index.md
heathen-earth,Heathen Earth,work,album,research,research;music,yes,high,Throbbing Gristle live studio album.,content/library/entry/work/heathen-earth/index.md
hepatopolitika,Hepatopolitika,work,album,research,research;music,yes,high,K2 junk-metal noise album.,content/library/entry/work/hepatopolitika/index.md
hibiki-hana-ma,Hibiki-Hana-Ma,work,composition,research,research;music,yes,high,Xenakis electroacoustic composition.,content/library/entry/work/hibiki-hana-ma/index.md
highdrophobia,Highdrophobia,work,album,research,research;music,yes,high,Solmania modified-guitar drone cassette.,content/library/entry/work/highdrophobia/index.md
human-music,Human Music,work,album,research,research;music,yes,high,Appleton/Cherry electronic-jazz collaboration album.,content/library/entry/work/human-music/index.md
hybrid-noisebloom,Hybrid Noisebloom,work,album,research,research;music,yes,high,Merzbow synthesizer/noise album.,content/library/entry/work/hybrid-noisebloom/index.md
i-am-sitting-in-a-room,I Am Sitting in a Room,work,composition,research,research;music,yes,high,Alvin Lucier's landmark tape composition.,content/library/entry/work/i-am-sitting-in-a-room/index.md
i-of-iv,I of IV,work,composition,research,research;music,yes,high,Pauline Oliveros's real-time tape composition.,content/library/entry/work/i-of-iv/index.md
iceland-pinhas,Iceland,work,album,research,research;music,yes,high,Richard Pinhas solo electronic album.,content/library/entry/work/iceland-pinhas/index.md
improvisation-its-nature-and-practice,Improvisation: Its Nature and Practice in Music,work,book,research,research;music,yes,high,Derek Bailey's foundational book on musical improvisation across traditions.,content/library/entry/work/improvisation-its-nature-and-practice/index.md
in-sara-mencken-christ-and-beethoven,"In Sara, Mencken, Christ and Beethoven There Were Men and Women",work,album,research,research;music,yes,high,Robert Ashley album for voice and modular synthesizer.,content/library/entry/work/in-sara-mencken-christ-and-beethoven/index.md
infra,Infra,work,album,research,research;music,yes,high,Roland Kayn's cybernetic music album.,content/library/entry/work/infra/index.md
irrlicht,Irrlicht,work,album,research,research;music,yes,high,"Klaus Schulze's solo debut, a founding Berlin School album.",content/library/entry/work/irrlicht/index.md
jaap-vink-recollection-grm,Jaap Vink,work,album,research,research;music,yes,high,Compilation of Jaap Vink's feedback-based electronic works.,content/library/entry/work/jaap-vink-recollection-grm/index.md
keio-line,Keio Line,work,album,research,research;music,yes,high,Pinhas/Merzbow live duo album.,content/library/entry/work/keio-line/index.md
kick-that-habit,Kick That Habit,work,film,research,research;music,yes,medium,Documentary film built around and documenting Voice Crack's junk-electronics music performance.,content/library/entry/work/kick-that-habit/index.md
klaenge-unterwegs,Klänge Unterwegs (Wayfaring Sounds),work,composition,research,research;music,yes,high,Herbert Brün's early electronic composition.,content/library/entry/work/klaenge-unterwegs/index.md
klein-hummel-ue100,Klein + Hummel UE-100 — Manual,work,manual,manuals,manuals,no,medium,Manual for a general-purpose graphic equalizer; no specific musical role described in the entry.,content/library/entry/work/klein-hummel-ue100/index.md
krohn-hite-6880a,Krohn-Hite 6880A Distortion Analyzer — Maintenance Manual,work,manual,manuals,manuals,no,medium,General-purpose audio test equipment manual; no musical role described.,content/library/entry/work/krohn-hite-6880a/index.md
krohn-hite-dca-10,Krohn-Hite DCA-10 — Service Manual,work,manual,manuals,manuals,no,medium,General-purpose amplifier manual; no musical role described.,content/library/entry/work/krohn-hite-dca-10/index.md
la-jolla-good-friday,La Jolla Good Friday I-II,work,album,research,research;music,yes,high,Sigurbjörnsson electronic work made at UCSD's Center for Music Experiment.,content/library/entry/work/la-jolla-good-friday/index.md
la-legende-deer,La Légende d'Eer,work,composition,research,research;music,yes,high,Xenakis electroacoustic composition.,content/library/entry/work/la-legende-deer/index.md
last-exit,Last Exit,work,album,research,research;music,yes,high,Free-jazz/noise supergroup's debut album.,content/library/entry/work/last-exit/index.md
le-triedre-fertile,Le Trièdre Fertile,work,album,research,research;music,yes,high,Pierre Schaeffer's sole purely electronic composition.,content/library/entry/work/le-triedre-fertile/index.md
league-of-automatic-music-composers-1978-1983,The League of Automatic Music Composers 1978-1983,work,album,research,research;music,yes,high,Anthology of networked-microcomputer music performances.,content/library/entry/work/league-of-automatic-music-composers-1978-1983/index.md
leapday-night,Leapday Night,work,album,research,research;music,yes,high,David Behrman live-electronics album.,content/library/entry/work/leapday-night/index.md
lethique,L'Ethique,work,album,research,research;music,yes,high,Richard Pinhas album featuring Gilles Deleuze's spoken voice over guitar/synthesizer.,content/library/entry/work/lethique/index.md
lexperience-acoustique,L'Expérience Acoustique,work,album,research,research;music,yes,high,François Bayle's acousmatic composition cycle.,content/library/entry/work/lexperience-acoustique/index.md
live-electronic-music-improvised,Live Electronic Music Improvised,work,album,research,research;music,yes,high,MEV/AMM split live improvisation album.,content/library/entry/work/live-electronic-music-improvised/index.md
lullaby-for-the-hearts-of-space,Lullaby for the Hearts of Space,work,album,research,research;music,yes,high,Kevin Braheny modular synthesizer improvisation album.,content/library/entry/work/lullaby-for-the-hearts-of-space/index.md
magic-thread-skintone-edition,Magic Thread,work,album,research,research;music,yes,high,Susumu Yokota debut album.,content/library/entry/work/magic-thread-skintone-edition/index.md
magnesia-nova,Magnesia Nova,work,album,research,research;music,yes,high,Merzbow noise album.,content/library/entry/work/magnesia-nova/index.md
makesnd-cassette,Makesnd Cassette,work,album,research,research;music,yes,high,SND's algorithmic click-based debut album.,content/library/entry/work/makesnd-cassette/index.md
manhattan-research-inc,"Manhattan Research, Inc.",work,album,research,research;music,yes,high,Anthology of Raymond Scott's electronic music research.,content/library/entry/work/manhattan-research-inc/index.md
meditation-stalker,Meditation,work,composition,research,research;music,yes,high,Eduard Artemyev's synthesizer theme for Tarkovsky's Stalker.,content/library/entry/work/meditation-stalker/index.md
meta-hodos,Meta-Hodos and META Meta-Hodos,work,book,research,research;music,yes,high,Tenney's foundational text applying Gestalt perception to musical form.,content/library/entry/work/meta-hodos/index.md
mirage-klaus-schulze,Mirage,work,album,research,research;music,yes,high,Klaus Schulze Berlin School album.,content/library/entry/work/mirage-klaus-schulze/index.md
monobirds,Monobirds,work,album,research,research;music,yes,high,David Tudor Moog synthesizer recordings.,content/library/entry/work/monobirds/index.md
mu-first-part,"Mu, First Part",work,album,research,research;music,yes,high,Don Cherry/Ed Blackwell free improvisation duo album.,content/library/entry/work/mu-first-part/index.md
mu-second-part,"Mu, Second Part",work,album,research,research;music,yes,high,yes — free-jazz duo album (Cherry/Blackwell) documenting a musical performance.,content/library/entry/work/mu-second-part/index.md
music-and-trance,Music and Trance: A Theory of the Relations Between Music and Possession,work,book,research,research;music,yes,high,"yes — Rouget's cross-cultural study is specifically about music's role in trance/possession, a music-theory/ethnomusicology text.",content/library/entry/work/music-and-trance/index.md
music-for-airports,Ambient 1: Music for Airports,work,album,research,research;music,yes,high,"yes — Eno's landmark ambient album, the genre-defining record.",content/library/entry/work/music-for-airports/index.md
music-for-nine-post-cards,Music for Nine Post Cards,work,album,research,research;music,yes,high,yes — Yoshimura's kankyo ongaku debut album.,content/library/entry/work/music-for-nine-post-cards/index.md
music-for-solo-performer,Music for Solo Performer,work,composition,research,research;music,yes,high,"yes — Lucier composition, landmark of EEG/biofeedback-generated music.",content/library/entry/work/music-for-solo-performer/index.md
mycenes-alpha,Mycènes Alpha,work,composition,research,research;music,yes,high,"yes — Xenakis's first UPIC composition, a landmark electroacoustic work.",content/library/entry/work/mycenes-alpha/index.md
neu-1972,Neu!,work,album,research,research;music,yes,high,"yes — Neu!'s self-titled debut album, krautrock landmark.",content/library/entry/work/neu-1972/index.md
neural-network-plus,Neural Network Plus,work,composition,research,research;music,yes,high,yes — David Tudor live-electronic composition built from feedback networks.,content/library/entry/work/neural-network-plus/index.md
neurotten,Neurotten,work,album,research,research;music,yes,high,"yes — Pain Jerk harsh-noise album, cult classic of the genre.",content/library/entry/work/neurotten/index.md
nineteen-eighty-four,1984,work,book,research,research,no,high,"no — Orwell's dystopian novel, included for language/control themes; no musical content.",content/library/entry/work/nineteen-eighty-four/index.md
no-input-mixing-board,No-Input Mixing Board,work,album,research,research;music,yes,high,yes — Nakamura's debut documenting the no-input-mixer instrument/technique he originated.,content/library/entry/work/no-input-mixing-board/index.md
nommo,Nommo,work,album,research,research;music,yes,high,yes — Milford Graves/Don Pullen self-released duo jazz recording.,content/library/entry/work/nommo/index.md
non-serviam,Non Serviam,work,story,research,research,no,high,no — Lem's SF story on AI consciousness/theology; no musical content.,content/library/entry/work/non-serviam/index.md
nova-steve-reid,Nova,work,album,research,research;music,yes,high,yes — Steve Reid's spiritual-jazz debut LP as leader.,content/library/entry/work/nova-steve-reid/index.md
on-computable-numbers,"On Computable Numbers, with an Application to the Entscheidungsproblem",work,paper,research,research,no,high,no — Turing's foundational computer-science paper; no musical content.,content/library/entry/work/on-computable-numbers/index.md
on-growth-and-form,On Growth and Form,work,book,research,research,no,high,no — D'Arcy Thompson's biology/mathematics classic; no musical content.,content/library/entry/work/on-growth-and-form/index.md
on-land,Ambient 4: On Land,work,album,research,research;music,yes,high,yes — Eno's fourth Ambient-series album.,content/library/entry/work/on-land/index.md
on-the-other-ocean,On the Other Ocean,work,album,research,research;music,yes,high,yes — Behrman's landmark computer-music album (KIM-1 microcomputer with live players).,content/library/entry/work/on-the-other-ocean/index.md
on-the-sensations-of-tone,On the Sensations of Tone as a Physiological Basis for the Theory of Music,work,book,research,research;music,yes,high,yes — Helmholtz's foundational treatise explicitly on the theory and perception of musical tone.,content/library/entry/work/on-the-sensations-of-tone/index.md
organum-tower-of-silence,Tower of Silence,work,album,research,research;music,yes,high,yes — Organum drone album.,content/library/entry/work/organum-tower-of-silence/index.md
organum-veil-of-tears,Veil of Tears,work,album,research,research;music,yes,high,yes — Organum album on Eddie Prévost's Matchless Recordings.,content/library/entry/work/organum-veil-of-tears/index.md
orient-occident,Orient-Occident,work,composition,research,research;music,yes,high,yes — Xenakis electroacoustic composition.,content/library/entry/work/orient-occident/index.md
origin-of-consciousness,The Origin of Consciousness in the Breakdown of the Bicameral Mind,work,book,research,research,no,high,no — Jaynes's theory of consciousness/language; no musical content.,content/library/entry/work/origin-of-consciousness/index.md
outland,Outland,work,album,research,research;music,yes,high,yes — Laswell/Namlook ambient-dub album.,content/library/entry/work/outland/index.md
outside-the-dream-syndicate,Outside the Dream Syndicate,work,album,research,research;music,yes,high,yes — Tony Conrad/Faust landmark of drone minimalism.,content/library/entry/work/outside-the-dream-syndicate/index.md
ovalcommers,Ovalcommers,work,album,research,research;music,yes,high,yes — Oval's glitch/digital-composition album.,content/library/entry/work/ovalcommers/index.md
pepsi-pavilion,Pepsi Pavilion,work,installation,research,research;music,yes,medium,"yes — art/sound installation whose core was a purpose-built multichannel sound system created by composers Tudor, Mumma, and Oliveros; substantial musical/sound-art role, not incidental.",content/library/entry/work/pepsi-pavilion/index.md
persepolis,Persepolis,work,composition,research,research;music,yes,high,yes — Xenakis electroacoustic composition.,content/library/entry/work/persepolis/index.md
persian-surgery-dervishes,Persian Surgery Dervishes,work,album,research,research;music,yes,high,yes — Terry Riley's extended electric-organ improvisation double LP.,content/library/entry/work/persian-surgery-dervishes/index.md
petite-symphonie-intuitive,Petite Symphonie Intuitive pour un Paysage de Printemps,work,composition,research,research;music,yes,high,yes — Luc Ferrari field-recording-based composition.,content/library/entry/work/petite-symphonie-intuitive/index.md
phaedra,Phaedra,work,album,research,research;music,yes,high,yes — Tangerine Dream album that established the Berlin School sequencer sound.,content/library/entry/work/phaedra/index.md
pharoah,Pharoah,work,album,research,research;music,yes,high,yes — Pharoah Sanders spiritual-jazz album.,content/library/entry/work/pharoah/index.md
planetary-unfolding,Planetary Unfolding,work,album,research,research;music,yes,high,yes — Michael Stearns analog space-music album made on a Serge modular synthesizer.,content/library/entry/work/planetary-unfolding/index.md
plux-quba,Plux Quba,work,album,research,research;music,yes,high,yes — Nuno Canavarro sound-collage album.,content/library/entry/work/plux-quba/index.md
polytope-de-cluny,Polytope de Cluny,work,composition,research,research;music,yes,high,yes — Xenakis electroacoustic composition.,content/library/entry/work/polytope-de-cluny/index.md
presque-rien-no-1,Presque Rien No. 1: Le Lever du Jour au Bord de la Mer,work,composition,research,research;music,yes,high,"yes — Luc Ferrari field-recording composition, landmark of anecdotal/musique concrète practice.",content/library/entry/work/presque-rien-no-1/index.md
prospectus-1983,Prospectus,work,album,research,research;music,yes,high,yes — Steve Lacy Seven live jazz album.,content/library/entry/work/prospectus-1983/index.md
psychonavigation-i-v,Psychonavigation I-V,work,album,research,research;music,yes,high,yes — Namlook/Laswell ambient-dub album collection.,content/library/entry/work/psychonavigation-i-v/index.md
pulsation,Pulsation,work,album,research,research;music,yes,high,yes — Togashi/Takayanagi free-improvisation duo album.,content/library/entry/work/pulsation/index.md
pulse-demon,Pulse Demon,work,album,research,research;music,yes,high,"yes — Merzbow noise album, widely cited landmark.",content/library/entry/work/pulse-demon/index.md
pulse-music-iii,Pulse Music III,work,composition,research,research;music,yes,high,yes — McGuire electronic composition realized at WDR's electronic music studio.,content/library/entry/work/pulse-music-iii/index.md
pythagoron,Pythagoron,work,album,research,research;music,yes,high,yes — private-press electronic drone album.,content/library/entry/work/pythagoron/index.md
q-are-we-not-men-a-we-are-devo,Q: Are We Not Men? A: We Are Devo!,work,album,research,research;music,yes,high,"yes — Devo's debut album, produced by Brian Eno; founding new-wave record.",content/library/entry/work/q-are-we-not-men-a-we-are-devo/index.md
rabbit-run,Rabbit Run,work,album,research,research;music,yes,high,yes — Rowe/Lehn/Schmickler improvised trio album.,content/library/entry/work/rabbit-run/index.md
radioactivity,Radioactivity,work,album,research,research;music,yes,high,yes — Kraftwerk concept album.,content/library/entry/work/radioactivity/index.md
rainbow-delta,Rainbow Delta,work,album,research,research;music,yes,high,yes — Patrick Gleeson electronic-jazz album.,content/library/entry/work/rainbow-delta/index.md
rainbow-electronics,Rainbow Electronics,work,album,research,research;music,yes,high,yes — Merzbow noise album.,content/library/entry/work/rainbow-electronics/index.md
rainforest,Rainforest,work,composition,research,research;music,yes,high,"yes — David Tudor's series of sound-sculpture compositions, key sound-art/music work.",content/library/entry/work/rainforest/index.md
ralf-und-florian,Ralf und Florian,work,album,research,research;music,yes,high,"yes — Kraftwerk album, first to use vocoder, step toward their classic electronic sound.",content/library/entry/work/ralf-und-florian/index.md
re-rurr,Re-Rurr,work,album,research,research;music,yes,high,yes — Solmania guitar-drone debut cassette.,content/library/entry/work/re-rurr/index.md
reality-gates,Reality Gates,work,album,research,research;music,yes,high,yes — Steve Birchall private-press synthesizer album.,content/library/entry/work/reality-gates/index.md
reflexive-universe,Reflexive Universe,work,album,research,research;music,yes,high,yes — C.C.C.C. noise/electronics album.,content/library/entry/work/reflexive-universe/index.md
reminded-by-the-instruments,Reminded by the Instruments: David Tudor's Music,work,book,research,research;music,yes,high,yes — book-length study specifically of David Tudor's music via his instruments and circuits.,content/library/entry/work/reminded-by-the-instruments/index.md
repo,Repo,work,album,research,research;music,yes,high,yes — Incapacitants early noise album.,content/library/entry/work/repo/index.md
rhizosphere,Rhizosphere,work,album,research,research;music,yes,high,yes — Richard Pinhas guitar/electronics solo album.,content/library/entry/work/rhizosphere/index.md
rhythmatism,Rhythmatism,work,album,research,research;music,yes,high,yes — Steve Reid spiritual-jazz LP.,content/library/entry/work/rhythmatism/index.md
riddles-of-the-sphinx,Riddles of the Sphinx,work,album,research,research;music,yes,high,"yes — Mike Ratledge's synthesizer film score, released as a standalone music album.",content/library/entry/work/riddles-of-the-sphinx/index.md
riverrun,Riverrun,work,composition,research,research;music,yes,high,yes — Barry Truax's landmark real-time granular-synthesis composition.,content/library/entry/work/riverrun/index.md
rome-cansrt,Rome Cansrt,work,album,research,research;music,yes,high,yes — Musica Elettronica Viva collectively improvised recording.,content/library/entry/work/rome-cansrt/index.md
rouge,Rouge,work,composition,research,research;music,yes,high,"yes — Jean Piché composition for percussion and tape, built on FM synthesis.",content/library/entry/work/rouge/index.md
roundtrip-1977,Roundtrip (1977),work,album,research,research;music,yes,high,yes — Don Cherry/Jean Schwarz duo recording.,content/library/entry/work/roundtrip-1977/index.md
s709,S.709,work,composition,research,research;music,yes,high,yes — Xenakis electroacoustic composition.,content/library/entry/work/s709/index.md
sakura-skintone-edition,Sakura,work,album,research,research;music,yes,high,yes — Susumu Yokota ambient composition album.,content/library/entry/work/sakura-skintone-edition/index.md
school-days-1963,School Days,work,album,research,research;music,yes,high,yes — Steve Lacy quartet live jazz recording.,content/library/entry/work/school-days-1963/index.md
sequence-of-earlier-heaven,Sequence of Earlier Heaven,work,album,research,research;music,yes,high,yes — Barry Truax electroacoustic/computer music LP.,content/library/entry/work/sequence-of-earlier-heaven/index.md
session-in-paris-vol-1-song-of-soil,Session in Paris Vol. 1: Song of Soil,work,album,research,research;music,yes,high,yes — Togashi/Cherry/Haden jazz trio recording.,content/library/entry/work/session-in-paris-vol-1-song-of-soil/index.md
sextant,Sextant,work,album,research,research;music,yes,high,yes — Herbie Hancock/Patrick Gleeson electronic-jazz fusion album.,content/library/entry/work/sextant/index.md
shanti,Shanti,work,album,research,research;music,yes,high,yes — Jean-Claude Eloy electroacoustic work realized at the WDR studio.,content/library/entry/work/shanti/index.md
shock-shock-shock,Shock! Shock! Shock!,work,album,research,research;music,yes,high,yes — Violent Onsen Geisha noise/sample-collage album.,content/library/entry/work/shock-shock-shock/index.md
shri-camel,Shri Camel,work,album,research,research;music,yes,high,yes — Terry Riley just-intonation electric-organ album.,content/library/entry/work/shri-camel/index.md
silence,Silence: Lectures and Writings,work,book,research,research;music,yes,high,"yes — Cage's foundational text on sound, silence, and indeterminacy in composition.",content/library/entry/work/silence/index.md
silver-apples-of-the-moon,Silver Apples of the Moon,work,album,research,research;music,yes,high,"yes — Subotnick's Buchla-100 landmark, first electronic work commissioned by a record label.",content/library/entry/work/silver-apples-of-the-moon/index.md
snd,_snd,work,album,research,research;music,yes,high,yes — Microstoria ambient-electronics album.,content/library/entry/work/snd/index.md
solaris-artemyev,Solaris,work,composition,research,research;music,yes,high,"yes — Artemyev's ANS-synthesizer film score, a music composition entry.",content/library/entry/work/solaris-artemyev/index.md
spiritual-unity,Spiritual Unity,work,album,research,research;music,yes,high,yes — Albert Ayler free-jazz trio album.,content/library/entry/work/spiritual-unity/index.md
station-70,Station '70: Call in Question / Live Independence,work,album,research,research;music,yes,high,yes — Takayanagi New Direction trio live recordings.,content/library/entry/work/station-70/index.md
still-way,Still Way (Wave Notation 2),work,album,research,research;music,yes,high,yes — Ashikawa environmental-music album.,content/library/entry/work/still-way/index.md
stria,Stria,work,composition,research,research;music,yes,high,"yes — Chowning's FM-synthesis tape piece, landmark of computer music.",content/library/entry/work/stria/index.md
structures-from-silence,Structures from Silence,work,album,research,research;music,yes,high,yes — Steve Roach ambient synthesizer album.,content/library/entry/work/structures-from-silence/index.md
surround,Surround,work,album,research,research;music,yes,high,yes — Hiroshi Yoshimura environmental keyboard album.,content/library/entry/work/surround/index.md
sweet-dreams-of-miss-pamela-beach,The Sweet Dreams of Miss Pamela Beach,work,composition,research,research;music,yes,high,yes — Jon Appleton composition made on the Synclavier II.,content/library/entry/work/sweet-dreams-of-miss-pamela-beach/index.md
table-chair-and-hatstand,Table Chair and Hatstand,work,album,research,research;music,yes,high,yes — Müller/Voice Crack/O'Rourke improvised electroacoustic session.,content/library/entry/work/table-chair-and-hatstand/index.md
taurhiphanie,Taurhiphanie,work,composition,research,research;music,yes,high,yes — Xenakis electroacoustic composition.,content/library/entry/work/taurhiphanie/index.md
tektra,Tektra,work,album,research,research;music,yes,high,yes — Roland Kayn's self-organizing 'cybernetic music' work.,content/library/entry/work/tektra/index.md
tetsuo-iron-man,Tetsuo: Iron Man,work,film,research,research,no,high,"[human-adjudicated at review checkpoint] review — the entry is a film (body-horror/cyberpunk), but its annotation centers heavily on Chu Ishikawa's inseparable industrial score and the scoring partnership it launched; genuinely ambiguous per the film-with-notable-soundtrack case.",content/library/entry/work/tetsuo-iron-man/index.md
the-accursed-share,The Accursed Share,work,book,research,research,no,high,no — Bataille's theory of general economy/expenditure; no musical content.,content/library/entry/work/the-accursed-share/index.md
the-art-of-david-tudor,The Art of David Tudor (1963-1992),work,album,research,research;music,yes,high,yes — retrospective box set surveying David Tudor's work as a composer.,content/library/entry/work/the-art-of-david-tudor/index.md
the-circular-ruins,The Circular Ruins,work,story,research,research,no,high,no — Borges story on dreaming/creation; no musical content.,content/library/entry/work/the-circular-ruins/index.md
the-conet-project,The Conet Project,work,album,research,research;music,yes,high,"[human-adjudicated at review checkpoint] review — a compilation of shortwave numbers-station recordings, released/marketed as an 'album' and influential in experimental/sampling circles, but the entry itself frames it as documented sound rather than music.",content/library/entry/work/the-conet-project/index.md
the-dark-side-of-the-moog,The Dark Side of the Moog,work,album,research,research;music,yes,high,"yes — Schulze/Namlook synthesizer collaboration, launching an eleven-volume series.",content/library/entry/work/the-dark-side-of-the-moog/index.md
the-dreams,The Dreams,work,composition,research,research;music,yes,high,yes — Delia Derbyshire electronic sound-collage composition for BBC radio.,content/library/entry/work/the-dreams/index.md
the-electronic-revolution,The Electronic Revolution,work,essay,research,research,no,medium,"no — Burroughs's essay on language/tape-based control techniques; about language manipulation, not music.",content/library/entry/work/the-electronic-revolution/index.md
the-expanding-universe,The Expanding Universe,work,album,research,research;music,yes,high,yes — Laurie Spiegel's landmark algorithmic-composition album made on the GROOVE system.,content/library/entry/work/the-expanding-universe/index.md
the-flicker,The Flicker,work,film,research,research,no,high,no — Tony Conrad's silent structural film of alternating frames; no musical/audio content described.,content/library/entry/work/the-flicker/index.md
the-human-race-was-restored-to-life-repeatedly,The Human Race Was Restored to Life Repeatedly,work,album,research,research;music,yes,high,yes — Government Alpha noise cassette.,content/library/entry/work/the-human-race-was-restored-to-life-repeatedly/index.md
the-invisible-generation,The Invisible Generation,work,essay,research,research,no,medium,"no — Burroughs's essay on tape recorders as tools of language/media control, not music.",content/library/entry/work/the-invisible-generation/index.md
the-just-intonation-primer,The Just Intonation Primer,work,book,research,research;music,yes,high,yes — Doty's practical introduction to just-intonation music tuning theory.,content/library/entry/work/the-just-intonation-primer/index.md
the-library-of-babel,The Library of Babel,work,story,research,research,no,high,no — Borges story on an infinite library; no musical content.,content/library/entry/work/the-library-of-babel/index.md
the-lottery-in-babylon,The Lottery in Babylon,work,story,research,research,no,high,no — Borges story on chance governance; no musical content.,content/library/entry/work/the-lottery-in-babylon/index.md
the-mighty-warriors-live-in-antwerp,The Mighty Warriors: Live in Antwerp,work,album,research,research;music,yes,high,yes — Waldron/Lacy quartet live jazz recording.,content/library/entry/work/the-mighty-warriors-live-in-antwerp/index.md
the-soundscape,The Soundscape: Our Sonic Environment and the Tuning of the World,work,book,research,research;music,yes,medium,"yes — Schafer's foundational soundscape/acoustic-ecology text framing the world 'as composition,' closely tied to the field-recording/environmental-music entries already in the Library.",content/library/entry/work/the-soundscape/index.md
the-wild-bull,The Wild Bull,work,album,research,research;music,yes,high,yes — Subotnick's second Buchla synthesizer work for Nonesuch.,content/library/entry/work/the-wild-bull/index.md
the-works,The Works,work,album,research,research;music,yes,high,yes — Alvin Curran solo electroacoustic album.,content/library/entry/work/the-works/index.md
time-machines,Time Machines,work,album,research,research;music,yes,high,yes — Coil's album of sustained electronic synthesizer drones.,content/library/entry/work/time-machines/index.md
tlon-uqbar-orbis-tertius,"Tlön, Uqbar, Orbis Tertius",work,story,research,research,no,high,no — Borges story on an invented encyclopedic world; no musical content.,content/library/entry/work/tlon-uqbar-orbis-tertius/index.md
tom-and-gerry,Tom and Gerry,work,album,research,research;music,yes,high,yes — Lehn/Hemingway improvised duo album.,content/library/entry/work/tom-and-gerry/index.md
topography-of-the-lungs,Topography of the Lungs,work,album,research,research;music,yes,high,"yes — Parker/Bailey/Bennink free-improvisation album, Incus Records' debut release.",content/library/entry/work/topography-of-the-lungs/index.md
train-stalker,Train,work,composition,research,research;music,yes,high,"yes — Artemyev's synthesizer/railroad-noise cue for Tarkovsky's Stalker, a music composition entry.",content/library/entry/work/train-stalker/index.md
trans-europa-express,Trans Europa Express,work,album,research,research;music,yes,high,yes — Kraftwerk album.,content/library/entry/work/trans-europa-express/index.md
tree-of-knowledge,The Tree of Knowledge: The Biological Roots of Human Understanding,work,book,research,research,no,high,no — Maturana/Varela on autopoiesis and cognition; no musical content.,content/library/entry/work/tree-of-knowledge/index.md
tremblements,Tremblements,work,album,research,research;music,yes,high,"yes — François Bayle acousmatic works, GRM tradition.",content/library/entry/work/tremblements/index.md
trilogie-de-la-mort,Trilogie de la Mort,work,album,research,research;music,yes,high,yes — Éliane Radigue's electronic meditation composed on an ARP 2500.,content/library/entry/work/trilogie-de-la-mort/index.md
trio-for-strings,Trio for Strings,work,composition,research,research;music,yes,high,"yes — La Monte Young composition, cited origin point of musical minimalism.",content/library/entry/work/trio-for-strings/index.md
valley-of-the-birds-remastered,Valley of the Birds (Remastered),work,album,research,research;music,yes,high,yes — Emerald Web synthesizer-duo album.,content/library/entry/work/valley-of-the-birds-remastered/index.md
vehicles,Vehicles: Experiments in Synthetic Psychology,work,book,research,research,no,high,no — Braitenberg's cybernetics/synthetic-psychology thought experiments; no musical content.,content/library/entry/work/vehicles/index.md
victoriaville-mai-2011,Victoriaville Mai 2011,work,album,research,research;music,yes,high,yes — Pinhas/Merzbow/Wolf Eyes live improvised recording.,content/library/entry/work/victoriaville-mai-2011/index.md
visual-display-quantitative-information,The Visual Display of Quantitative Information,work,book,research,research,no,high,no — Tufte on graphical data display; no musical content.,content/library/entry/work/visual-display-quantitative-information/index.md
voyage-absolu-des-unari,Voyage absolu des Unari vers Andromède,work,composition,research,research;music,yes,high,yes — Xenakis electroacoustic composition.,content/library/entry/work/voyage-absolu-des-unari/index.md
voyage-from-jericho,Voyage From Jericho,work,album,research,research;music,yes,high,yes — Charles Tyler Ensemble free-jazz album.,content/library/entry/work/voyage-from-jericho/index.md
wagamama-na-ofukuro,Wagamama na Ofukuro,work,album,research,research;music,yes,high,yes — Violent Onsen Geisha noise cassette.,content/library/entry/work/wagamama-na-ofukuro/index.md
weather-sky,Weather Sky,work,album,research,research;music,yes,high,yes — Rowe/Nakamura improvised electroacoustic duo album.,content/library/entry/work/weather-sky/index.md
williams-mix,Williams Mix,work,composition,research,research;music,yes,high,yes — Cage's chance-operation tape composition.,content/library/entry/work/williams-mix/index.md
world-receiver,World Receiver,work,album,research,research;music,yes,high,yes — Tetsu Inoue ambient album.,content/library/entry/work/world-receiver/index.md
xenharmonic-wiki,Xenharmonic Wiki,work,website,research,research;music,yes,high,"yes — deep reference on microtonal music tunings, temperaments, scales, and notation.",content/library/entry/work/xenharmonic-wiki/index.md
zero-set,Zero Set,work,album,research,research;music,yes,high,yes — Moebius/Plank/Neumeier album pitting electronic sequences against live percussion.,content/library/entry/work/zero-set/index.md
zuckerzeit,Zuckerzeit,work,album,research,research;music,yes,high,"yes — Cluster's rhythmic, synthesizer-driven album.",content/library/entry/work/zuckerzeit/index.md
