id,title,public_type,specific_type,decision,confidence,current_subjects,proposed_subjects,add,remove,taxonomy_gap,rationale,summary,source_path
additive-synthesis,Additive synthesis,concept,concept,change,high,computation|sound,number|computation|sound,number,,,"Adds Number because the record explicitly concerns mathematical quantity, ratio, measurement, or numerical structure.","Building a complex timbre by summing simple waveforms, typically sine tones, at chosen amplitudes.",content/library/concept/additive-synthesis/index.md
algorithmic-music,Algorithmic Music,concept,concept,retain,high,sound|computation|form,form|computation|sound,,,,"No change. The current Subjects match the concerns explicitly stated in the title, summary, body, and entry type without relying on incidental association.","Composing via algorithms or formal rule systems, from computer-generated scores to live coding.",content/library/concept/algorithmic-music/index.md
analog-computer,Analog computer,concept,concept,change,high,computation,number|dynamics|computation,number|dynamics,,Signal,"Adds Number, Dynamics because the record explicitly concerns mathematical quantity, ratio, measurement, or numerical structure; state change, oscillation, stability, or evolving systems.",A computing paradigm representing and solving problems with continuously variable physical quantities rather than discrete digital states.,content/library/concept/analog-computer/index.md
autopoiesis,Autopoiesis,concept,concept,change,high,cybernetics|feedback,morphogenesis|dynamics|cybernetics,morphogenesis|dynamics,feedback,,"The record does not establish an explicit recursive output-to-input loop. Feedback is removed rather than inferred from cybernetic association, electronic practice, noise, circuitry, or one-way signal translation.",A system that produces and maintains itself by continuously creating its own component parts — Maturana and Varela's 1972 term for the self-organization of living systems.,content/library/concept/autopoiesis/index.md
cellular-automata,Cellular automata,concept,concept,change,medium,computation,form|morphogenesis|dynamics|computation,form|morphogenesis|dynamics,,,"Adds Form, Morphogenesis, Dynamics because the record explicitly concerns structure, pattern, topology, or organization; the production, emergence, or transformation of form; state change, oscillation, stability, or evolving systems.","A grid of cells, each in one of a small set of states, updated all at once by a simple local rule — from which strikingly complex global behavior can emerge.",content/library/concept/cellular-automata/index.md
chimera,Chimera state,concept,concept,change,high,dynamics,time|form|dynamics,time|form,,,"Adds Time, Form because the record explicitly concerns temporal structure, duration, rhythm, sequence, or recurrence; structure, pattern, topology, or organization.","A pattern in a network of identical, coupled oscillators where one group locks into synchrony while another remains incoherent — impossible under purely local or purely global coupling.",content/library/concept/chimera/index.md
computer-music,Computer music,concept,concept,retain,high,computation|sound,computation|sound,,,,"No change. The current Subjects match the concerns explicitly stated in the title, summary, body, and entry type without relying on incidental association.","Music composed or generated with the aid of computation, from the earliest MUSIC-N software onward.",content/library/concept/computer-music/index.md
digital-sampling,Digital sampling,concept,concept,retain,high,computation|sound|memory,computation|sound|memory,,,Signal,"No change. The current Subjects match the concerns explicitly stated in the title, summary, body, and entry type without relying on incidental association.","Recording and digitally storing a sound for playback, pitch-shifting, and manipulation.",content/library/concept/digital-sampling/index.md
entropy,Entropy,concept,concept,change,high,cybernetics|computation,number|dynamics,number|dynamics,cybernetics|computation,Information,"Cybernetics appears associated with the creator or surrounding context rather than developed in the entry as control, regulation, communication, adaptation, or observer–system relations.","A measure of disorder or uncertainty — Boltzmann's statistical-mechanical quantity, and Shannon's 1948 measure of information.",content/library/concept/entropy/index.md
feedback,Feedback,concept,concept,change,high,cybernetics|feedback,dynamics|cybernetics|feedback,dynamics,,,"Adds Dynamics because the record explicitly concerns state change, oscillation, stability, or evolving systems.","A system's output routed back as its own input, forming a causal loop — the organizing mechanism of self-regulation in cybernetics.",content/library/concept/feedback/index.md
free-improvisation,Free Improvisation,concept,concept,retain,high,sound|time,time|sound,,,,"No change. The current Subjects match the concerns explicitly stated in the title, summary, body, and entry type without relying on incidental association.","Improvised music committed to non-idiomatic playing, without preset harmony, tonality, or stylistic vocabulary.",content/library/concept/free-improvisation/index.md
frequency-modulation,Frequency modulation (synthesis),concept,concept,change,high,computation|sound,number|computation|sound,number,,Signal,"Adds Number because the record explicitly concerns mathematical quantity, ratio, measurement, or numerical structure.",Generating complex timbres by using one oscillator's output to modulate another's frequency at audio rate.,content/library/concept/frequency-modulation/index.md
governor,Governor,concept,concept,change,high,feedback|cybernetics,dynamics|cybernetics|feedback,dynamics,,,"Adds Dynamics because the record explicitly concerns state change, oscillation, stability, or evolving systems.",A device that automatically regulates a machine's speed by feeding its output back as a correction to its input — the historical root of the word cybernetics.,content/library/concept/governor/index.md
granular-synthesis,Granular synthesis,concept,concept,retain,high,computation|sound|time,time|computation|sound,,,,"No change. The current Subjects match the concerns explicitly stated in the title, summary, body, and entry type without relying on incidental association.","Building sound from many brief grains of audio, reassembled with independent control over density, pitch, and position.",content/library/concept/granular-synthesis/index.md
harmolodics,Harmolodics,concept,concept,change,high,sound|form,time|form|sound,time,,,"Adds Time because the record explicitly concerns temporal structure, duration, rhythm, sequence, or recurrence.","Ornette Coleman's theory of harmony, melody, and rhythm holding equal, simultaneous position, developed through the 1970s-80s.",content/library/concept/harmolodics/index.md
hilbert-transform,Hilbert Transform,concept,concept,change,high,computation|sound,number|computation|sound,number,,Signal,"Adds Number because the record explicitly concerns mathematical quantity, ratio, measurement, or numerical structure.","A linear operator that shifts every frequency component of a signal by 90°, used to construct the analytic signal and recover instantaneous phase, frequency, and amplitude.",content/library/concept/hilbert-transform/index.md
limit-cycle,Limit cycle,concept,concept,change,high,dynamics,time|form|dynamics,time|form,,,"Adds Time, Form because the record explicitly concerns temporal structure, duration, rhythm, sequence, or recurrence; structure, pattern, topology, or organization.","An isolated closed trajectory in a dynamical system's phase space that nearby states spiral toward, or away from — the mathematical signature of a stable, self-sustaining oscillation.",content/library/concept/limit-cycle/index.md
manifold,Manifold,concept,concept,change,high,form|space,number|form|space,number,,,"Adds Number because the record explicitly concerns mathematical quantity, ratio, measurement, or numerical structure.","A space that locally resembles ordinary flat (Euclidean) space, even where its overall shape is curved or otherwise complex.",content/library/concept/manifold/index.md
memory,Memory,concept,concept,change,medium,cybernetics|memory|computation,time|cybernetics|computation|memory,time,,,"Adds Time because the record explicitly concerns temporal structure, duration, rhythm, sequence, or recurrence.","A system's capacity to retain past states and let them shape future behavior — a basic requirement for learning, control, and computation alike.",content/library/concept/memory/index.md
phase,Phase,concept,concept,change,high,time|computation,time|number|computation,number,,Signal,"Adds Number because the record explicitly concerns mathematical quantity, ratio, measurement, or numerical structure.","The position of a periodic waveform within its cycle, and the basis for describing how two periodic signals align or diverge over time.",content/library/concept/phase/index.md
phase-modulation,Phase modulation (synthesis),concept,concept,change,high,computation|sound,time|computation|sound,time,,Signal,"Adds Time because the record explicitly concerns temporal structure, duration, rhythm, sequence, or recurrence.",Generating FM-like timbres by modulating an oscillator's phase rather than its frequency directly.,content/library/concept/phase-modulation/index.md
pll,Phase-locked loop (PLL),concept,concept,change,high,feedback,time|dynamics|feedback,time|dynamics,,Signal,"Adds Time, Dynamics because the record explicitly concerns temporal structure, duration, rhythm, sequence, or recurrence; state change, oscillation, stability, or evolving systems.",A feedback circuit that continuously adjusts an oscillator's phase and frequency to match a reference signal.,content/library/concept/pll/index.md
physical-modeling,Physical modeling (synthesis),concept,concept,change,medium,computation|sound,dynamics|computation|sound|instruments,dynamics|instruments,,,"Adds Dynamics, Instruments because the record explicitly concerns state change, oscillation, stability, or evolving systems; instrument design, interfaces, controllers, apparatus, or instrumentality.",Simulating the physical behavior of a real instrument's vibrating and resonating parts to generate its sound.,content/library/concept/physical-modeling/index.md
pid-controller,PID controller,concept,concept,change,medium,feedback|cybernetics,dynamics|cybernetics|computation|feedback,dynamics|computation,,,"Adds Dynamics, Computation because the record explicitly concerns state change, oscillation, stability, or evolving systems; algorithms, programming, formal processing, or machine computation.","A control algorithm that corrects a system's error using three combined terms — proportional, integral, and derivative — the standard formal method behind most feedback control.",content/library/concept/pid-controller/index.md
quadrature,Quadrature,concept,concept,change,high,time|computation,time|number|computation,number,,Signal,"Adds Number because the record explicitly concerns mathematical quantity, ratio, measurement, or numerical structure.","Two periodic signals offset by exactly a quarter cycle (90°) — the relationship behind quadrature oscillators, phase detection, and stereo/spatial encoding.",content/library/concept/quadrature/index.md
serialism,Serialism,concept,concept,retain,high,sound|form|number,number|form|sound,,,,"No change. The current Subjects match the concerns explicitly stated in the title, summary, body, and entry type without relying on incidental association.","Composing from an ordered series of pitches or other musical elements, originating with Schoenberg's twelve-tone technique.",content/library/concept/serialism/index.md
servo,Servo (servomechanism),concept,concept,change,high,feedback,dynamics|cybernetics|feedback,dynamics|cybernetics,,,"Adds Dynamics, Cybernetics because the record explicitly concerns state change, oscillation, stability, or evolving systems; control, regulation, communication, adaptation, or observer–system relations.",A feedback control system that continuously compares a mechanism's actual position or speed against a target and corrects the error.,content/library/concept/servo/index.md
state-machine,State machine,concept,concept,change,high,computation,time|computation|memory,time|memory,,Information,"Adds Time, Memory because the record explicitly concerns temporal structure, duration, rhythm, sequence, or recurrence; storage, recording, retention, recall, or past state affecting future behavior.",An abstract model of computation consisting of a finite set of states and the rules that transition between them in response to input.,content/library/concept/state-machine/index.md
subtractive-synthesis,Subtractive synthesis,concept,concept,retain,high,computation|sound,computation|sound,,,,"No change. The current Subjects match the concerns explicitly stated in the title, summary, body, and entry type without relying on incidental association.","Shaping a harmonically rich source waveform by filtering out frequencies, rather than building a tone up from nothing.",content/library/concept/subtractive-synthesis/index.md
total-serialism,Total Serialism,concept,concept,change,medium,sound|form|number,time|number|form|sound,time,,,"Adds Time because the record explicitly concerns temporal structure, duration, rhythm, sequence, or recurrence.","Extending serial ordering beyond pitch to duration, dynamics, and timbre, pioneered by Messiaen, Boulez, and Stockhausen.",content/library/concept/total-serialism/index.md
tuple,Tuple,concept,concept,change,high,number|computation,number|form|computation,form,,,"Adds Form because the record explicitly concerns structure, pattern, topology, or organization.","A finite, ordered sequence of elements — the general form behind coordinates, database records, and structured data of every kind.",content/library/concept/tuple/index.md
turing-machine,Turing machine,concept,concept,change,high,computation,computation|memory,memory,,Information,"Adds Memory because the record explicitly concerns storage, recording, retention, recall, or past state affecting future behavior.","An abstract model of computation — an infinite tape, a read/write head, and a finite table of rules — that defines what it means for a function to be computable at all.",content/library/concept/turing-machine/index.md
variety,Variety,concept,concept,change,high,cybernetics,number|cybernetics,number,,,"Adds Number because the record explicitly concerns mathematical quantity, ratio, measurement, or numerical structure.","In cybernetics, the number of distinguishable states a system can take on — and, per Ashby's Law of Requisite Variety, the true measure of a regulator's power to control.",content/library/concept/variety/index.md
vector,Vector,concept,concept,change,medium,number|form,number|form|computation|space,computation|space,,,"Adds Computation, Space because the record explicitly concerns algorithms, programming, formal processing, or machine computation; spatial organization, geometry, environments, distribution, or spatialization.","A quantity with both magnitude and direction, represented as an ordered set of components — one of the basic building blocks of geometry, physics, and computation.",content/library/concept/vector/index.md
viable-system-model,Viable System Model,concept,concept,change,high,cybernetics|feedback,form|cybernetics|feedback,form,,,"Adds Form because the record explicitly concerns structure, pattern, topology, or organization.","Stafford Beer's model of organizational structure, mapped by analogy to the nervous system, recursively nesting five subsystems.",content/library/concept/viable-system-model/index.md
wavefolding,Wavefolding,concept,concept,change,high,computation|sound,form|computation|sound,form,,,"Adds Form because the record explicitly concerns structure, pattern, topology, or organization.","Reflecting a waveform back on itself once it crosses a threshold, generating additional harmonics.",content/library/concept/wavefolding/index.md
wavetable-synthesis,Wavetable synthesis,concept,concept,change,medium,computation|sound,time|computation|sound|memory,time|memory,,,"Adds Time, Memory because the record explicitly concerns temporal structure, duration, rhythm, sequence, or recurrence; storage, recording, retention, recall, or past state affecting future behavior.",Storing successive single-cycle waveforms in memory and scanning between them to shape timbre.,content/library/concept/wavetable-synthesis/index.md
cybernetic-serendipity,Cybernetic Serendipity,event,event,retain,high,cybernetics|computation|perception,cybernetics|computation|perception,,,,"No change. The current Subjects match the concerns explicitly stated in the title, summary, body, and entry type without relying on incidental association.","The 1968 ICA London exhibition that introduced cybernetic, computer, and electronic art to a mass audience.",content/library/event/cybernetic-serendipity/index.md
expo-70,Expo '70,event,event,change,review,sound,,,sound,,"The event is contextual infrastructure for the Pepsi Pavilion branch. Sound is not a substantial concern of the Expo ’70 record itself, so no Subject is preferable.","The 1970 World Exposition in Osaka, Japan, host to the experimental Pepsi Pavilion.",content/library/event/expo-70/index.md
live-programming-at-the-pepsi-pavilion,Live Programming at the Pepsi Pavilion,event,event,change,medium,sound|space,time|sound|instruments|space,time|instruments,,,"Adds Time, Instruments because the record explicitly concerns temporal structure, duration, rhythm, sequence, or recurrence; instrument design, interfaces, controllers, apparatus, or instrumentality.",The changing program of live performance and presentation hosted within the Pepsi Pavilion during Expo '70.,content/library/event/live-programming-at-the-pepsi-pavilion/index.md
amm,AMM,group,group,retain,high,sound|perception,sound|perception,,,,"No change. The current Subjects match the concerns explicitly stated in the title, summary, body, and entry type without relying on incidental association.",Pioneering British electroacoustic improvisation group with a 50-year history,content/library/group/amm/index.md
aube,Aube,group,group,retain,high,sound,sound,,,,"No change. The current Subjects match the concerns explicitly stated in the title, summary, body, and entry type without relying on incidental association.","Akifumi Nakajima's Kyoto noise project, each record built by processing a single manipulated sound source.",content/library/group/aube/index.md
borbetomagus,Borbetomagus,group,group,change,high,sound|feedback,sound,,feedback,,"The record does not establish an explicit recursive output-to-input loop. Feedback is removed rather than inferred from cybernetic association, electronic practice, noise, circuitry, or one-way signal translation.","New York free-jazz/noise trio formed 1979, known for overwhelming volume and saxophones played bell-to-bell.",content/library/group/borbetomagus/index.md
cccc,C.C.C.C.,group,group,retain,high,sound,sound,,,,"No change. The current Subjects match the concerns explicitly stated in the title, summary, body, and entry type without relying on incidental association.","Japanese noise group active from 1989, named after John C. Lilly's cosmic hierarchy.",content/library/group/cccc/index.md
cluster,Cluster,group,group,retain,high,sound,sound,,,,"No change. The current Subjects match the concerns explicitly stated in the title, summary, body, and entry type without relying on incidental association.",German electronic duo central to krautrock and ambient electronics.,content/library/group/cluster/index.md
coil,Coil,group,group,change,high,sound|feedback,sound,,feedback,,"The record does not establish an explicit recursive output-to-input loop. Feedback is removed rather than inferred from cybernetic association, electronic practice, noise, circuitry, or one-way signal translation.","British experimental group formed by John Balance and Peter Christopherson in 1984, exploring the occult and dark ambient.",content/library/group/coil/index.md
composers-inside-electronics,Composers Inside Electronics,group,group,retain,high,sound|instruments|feedback,sound|instruments|feedback,,,,"No change. The current Subjects match the concerns explicitly stated in the title, summary, body, and entry type without relying on incidental association.","David Tudor's live-electronics ensemble, formed 1973 to collaboratively realize Rainforest IV.",content/library/group/composers-inside-electronics/index.md
devo,Devo,group,group,retain,high,sound,sound,,,,"No change. The current Subjects match the concerns explicitly stated in the title, summary, body, and entry type without relying on incidental association.","American new wave group from Akron, Ohio, formed 1973, known for its satirical de-evolution concept and Brian Eno-produced debut.",content/library/group/devo/index.md
faust,Faust,group,group,retain,high,sound,sound,,,,"No change. The current Subjects match the concerns explicitly stated in the title, summary, body, and entry type without relying on incidental association.","German krautrock group formed 1970 by producer Uwe Nettelbeck, pioneers of tape-collage studio composition.",content/library/group/faust/index.md
gastr-del-sol,Gastr del Sol,group,group,retain,high,sound,sound,,,,"No change. The current Subjects match the concerns explicitly stated in the title, summary, body, and entry type without relying on incidental association.","Chicago experimental duo of David Grubbs and Jim O'Rourke, active 1993–1998.",content/library/group/gastr-del-sol/index.md
government-alpha,Government Alpha,group,group,retain,high,sound,sound,,,,"No change. The current Subjects match the concerns explicitly stated in the title, summary, body, and entry type without relying on incidental association.","Yasutoshi Yoshida's Tokyo noise project, active since 1992, released chiefly through his own Xerxes label.",content/library/group/government-alpha/index.md
gruppo-di-improvvisazione-nuova-consonanza,Gruppo di Improvvisazione Nuova Consonanza,group,group,change,high,sound|feedback,sound,,feedback,,"The record does not establish an explicit recursive output-to-input loop. Feedback is removed rather than inferred from cybernetic association, electronic practice, noise, circuitry, or one-way signal translation.","Rome free-improvisation collective founded 1964 by Franco Evangelisti, among the first experimental-composer collectives.",content/library/group/gruppo-di-improvvisazione-nuova-consonanza/index.md
hands-to,Hands To,group,group,change,high,sound,sound|instruments,instruments,,,"Adds Instruments because the record explicitly concerns instrument design, interfaces, controllers, apparatus, or instrumentality.","Jeph Jerman's project built from found natural objects, homemade devices, and tape, active from the mid-1980s.",content/library/group/hands-to/index.md
harmonia,Harmonia,group,group,retain,high,sound,sound,,,,"No change. The current Subjects match the concerns explicitly stated in the title, summary, body, and entry type without relying on incidental association.","German electronic trio of Michael Rother, Hans-Joachim Roedelius, and Dieter Moebius, formed 1973 in Forst.",content/library/group/harmonia/index.md
illusion-of-safety,Illusion of Safety,group,group,retain,high,sound,sound,,,,"No change. The current Subjects match the concerns explicitly stated in the title, summary, body, and entry type without relying on incidental association.","Daniel Burke's long-running Chicago post-industrial project, formed 1983.",content/library/group/illusion-of-safety/index.md
incapacitants,Incapacitants,group,group,retain,high,sound|feedback,sound|feedback,,,,"No change. The current Subjects match the concerns explicitly stated in the title, summary, body, and entry type without relying on incidental association.","Toshiji Mikawa and Fumio Kosakai's Japanese noise duo, active since 1981, pursuing 'pure' noise built from feedback and vocals.",content/library/group/incapacitants/index.md
k2,K2,group,group,retain,high,sound,sound,,,,"No change. The current Subjects match the concerns explicitly stated in the title, summary, body, and entry type without relying on incidental association.","Kimihide Kusafuka's Japanese noise project, active since the early 1980s, built from metal and machinery.",content/library/group/k2/index.md
kraftwerk,Kraftwerk,group,group,retain,high,sound,sound,,,,"No change. The current Subjects match the concerns explicitly stated in the title, summary, body, and entry type without relying on incidental association.",German electronic group foundational to synthpop and electronic music.,content/library/group/kraftwerk/index.md
league-of-automatic-music-composers,League of Automatic Music Composers,group,group,retain,high,computation|sound|feedback|instruments,computation|sound|feedback|instruments,,,,"No change. The current Subjects match the concerns explicitly stated in the title, summary, body, and entry type without relying on incidental association.",Pioneering late-1970s Bay Area ensemble performing live music with a network of microcomputers.,content/library/group/league-of-automatic-music-composers/index.md
louis-and-bebe-barron,Louis and Bebe Barron,group,group,change,high,sound|feedback,sound|instruments|feedback,instruments,,,"Adds Instruments because the record explicitly concerns instrument design, interfaces, controllers, apparatus, or instrumentality.","American pioneers of electronic music who built circuits as living, dying sound.",content/library/group/louis-and-bebe-barron/index.md
macronympha,Macronympha,group,group,retain,high,sound,sound,,,,"No change. The current Subjects match the concerns explicitly stated in the title, summary, body, and entry type without relying on incidental association.",American harsh noise project founded in Pittsburgh in 1990 by Joseph Roemer and Rodger Stella.,content/library/group/macronympha/index.md
masonna,Masonna,group,group,retain,high,sound,sound,,,,"No change. The current Subjects match the concerns explicitly stated in the title, summary, body, and entry type without relying on incidental association.","Maso Yamazaki's Osaka noise project, known for destructive, often seconds-long live performances.",content/library/group/masonna/index.md
mb,MB,group,group,retain,high,sound,sound,,,,"No change. The current Subjects match the concerns explicitly stated in the title, summary, body, and entry type without relying on incidental association.","Maurizio Bianchi's Italian industrial/noise project, active 1979–1983 and resumed in 1998.",content/library/group/mb/index.md
merzbow,Merzbow,group,group,retain,high,sound,sound,,,,"No change. The current Subjects match the concerns explicitly stated in the title, summary, body, and entry type without relying on incidental association.",The king of noise.,content/library/group/merzbow/index.md
mev,MEV,group,group,change,high,sound|instruments|feedback,sound|instruments,,feedback,,"The record does not establish an explicit recursive output-to-input loop. Feedback is removed rather than inferred from cybernetic association, electronic practice, noise, circuitry, or one-way signal translation.","Musica Elettronica Viva — Rome electroacoustic improvisation ensemble, founded 1966 by Alvin Curran, Frederic Rzewski, and Richard Teitelbaum.",content/library/group/mev/index.md
microstoria,Microstoria,group,group,retain,high,sound,sound,,,,"No change. The current Subjects match the concerns explicitly stated in the title, summary, body, and entry type without relying on incidental association.","Experimental electronic duo of Markus Popp (Oval) and Jan St. Werner (Mouse on Mars), formed in Düsseldorf in 1994.",content/library/group/microstoria/index.md
monde-bruits,Monde Bruits,group,group,retain,high,sound,sound,,,,"No change. The current Subjects match the concerns explicitly stated in the title, summary, body, and entry type without relying on incidental association.","Shohei Iwasaki's Osaka noise project, active from among the earliest years of Japan's noise scene until his death in 2005.",content/library/group/monde-bruits/index.md
morphogenesis-band,Morphogenesis,group,group,change,high,sound|feedback,sound|instruments,instruments,feedback,,"The record does not establish an explicit recursive output-to-input loop. Feedback is removed rather than inferred from cybernetic association, electronic practice, noise, circuitry, or one-way signal translation.","British free-improvisation and noise group, formed in London in 1985.",content/library/group/morphogenesis-band/index.md
mother-mallard,Mother Mallard's Portable Masterpiece Company,group,group,retain,high,sound|instruments,sound|instruments,,,,"No change. The current Subjects match the concerns explicitly stated in the title, summary, body, and entry type without relying on incidental association.","David Borden's early synthesizer ensemble, founded in Ithaca in 1969 with the support of Robert Moog.",content/library/group/mother-mallard/index.md
music-improvisation-company,Music Improvisation Company,group,group,change,high,sound|feedback,sound,,feedback,,"The record does not establish an explicit recursive output-to-input loop. Feedback is removed rather than inferred from cybernetic association, electronic practice, noise, circuitry, or one-way signal translation.","London free-improvisation quartet active 1968-1971, pairing Derek Bailey's guitar and Evan Parker's saxophone with live electronics and percussion.",content/library/group/music-improvisation-company/index.md
negativland,Negativland,group,group,retain,high,sound|language,sound|language,,,,"No change. The current Subjects match the concerns explicitly stated in the title, summary, body, and entry type without relying on incidental association.",American experimental collective behind the 1991 'U2' single lawsuit and the term 'culture jamming.',content/library/group/negativland/index.md
neu,Neu!,group,group,retain,high,sound|time,sound|time,,,,"No change. The current Subjects match the concerns explicitly stated in the title, summary, body, and entry type without relying on incidental association.","Düsseldorf krautrock duo of Klaus Dinger and Michael Rother, formed 1971 after both left Kraftwerk.",content/library/group/neu/index.md
nurse-with-wound,Nurse With Wound,group,group,change,high,sound|feedback,sound,,feedback,,"The record does not establish an explicit recursive output-to-input loop. Feedback is removed rather than inferred from cybernetic association, electronic practice, noise, circuitry, or one-way signal translation.","Steven Stapleton's project, formed in London in 1978, foundational to industrial and avant-garde music.",content/library/group/nurse-with-wound/index.md
omit,Omit,group,group,retain,high,sound|instruments,sound|instruments,,,,"No change. The current Subjects match the concerns explicitly stated in the title, summary, body, and entry type without relying on incidental association.",Electronic composer.,content/library/group/omit/index.md
organum,Organum,group,group,retain,high,sound|perception,sound|perception,,,,"No change. The current Subjects match the concerns explicitly stated in the title, summary, body, and entry type without relying on incidental association.","David Jackman's long-running project of dense, ritualistic drone built from acoustic and processed sources.",content/library/group/organum/index.md
p16d4,P16.D4,group,group,retain,high,sound,sound,,,,"No change. The current Subjects match the concerns explicitly stated in the title, summary, body, and entry type without relying on incidental association.","German experimental/industrial group formed 1980, working in tape manipulation and musique concrète.",content/library/group/p16d4/index.md
painjerk,Pain Jerk,group,group,retain,high,sound,sound,,,,"No change. The current Subjects match the concerns explicitly stated in the title, summary, body, and entry type without relying on incidental association.","Kohei Gomi's long-running Japanese noise project, cited alongside Merzbow as a leading exponent of noise's dense, loop-driven ""dynamic"" style.",content/library/group/painjerk/index.md
pan-sonic,Pan Sonic,group,group,change,high,sound,sound|instruments,instruments,,,"Adds Instruments because the record explicitly concerns instrument design, interfaces, controllers, apparatus, or instrumentality.","Finnish duo making minimal, physically intense electronic music from custom-built oscillators and pulse generators.",content/library/group/pan-sonic/index.md
pbk,PBK,group,group,retain,high,sound,sound,,,,"No change. The current Subjects match the concerns explicitly stated in the title, summary, body, and entry type without relying on incidental association.","Phillip B. Klingler's noise/drone project, active since 1986, moving from visual art and mail art into electroacoustic composition.",content/library/group/pbk/index.md
ramleh,Ramleh,group,group,retain,high,sound,sound,,,,"No change. The current Subjects match the concerns explicitly stated in the title, summary, body, and entry type without relying on incidental association.",UK power electronics and noise-rock group founded by Gary Mundy in 1982.,content/library/group/ramleh/index.md
smegma,Smegma,group,group,retain,high,sound,sound,,,,"No change. The current Subjects match the concerns explicitly stated in the title, summary, body, and entry type without relying on incidental association.",Los Angeles Free Music Society-affiliated experimental noise and free-improvisation group active since 1973.,content/library/group/smegma/index.md
snd-band,SND,group,group,change,medium,sound|computation|tuning,time|form|computation|sound,time|form,tuning,,"The record concerns electronic sound, sustained tones, or test-tone-like material, but it does not describe a pitch system, temperament, intonation practice, scale, or ratio structure.","Mark Fell and Mat Steel's Sheffield duo, formed 1998, pioneering algorithmic click-based digital minimalism.",content/library/group/snd-band/index.md
solmania,Solmania,group,group,retain,high,sound|instruments,sound|instruments,,,,"No change. The current Subjects match the concerns explicitly stated in the title, summary, body, and entry type without relying on incidental association.","Masahiko Ohno's Osaka noise project, built around multi-necked electric guitars of his own construction.",content/library/group/solmania/index.md
sonic-arts-union,Sonic Arts Union,group,group,change,high,sound|feedback,sound|instruments,instruments,feedback,,"The record does not establish an explicit recursive output-to-input loop. Feedback is removed rather than inferred from cybernetic association, electronic practice, noise, circuitry, or one-way signal translation.","Robert Ashley, David Behrman, Alvin Lucier, and Gordon Mumma's live-electronics collective, active 1966-1976.",content/library/group/sonic-arts-union/index.md
space-machine,Space Machine,group,group,retain,high,sound,sound,,,,"No change. The current Subjects match the concerns explicitly stated in the title, summary, body, and entry type without relying on incidental association.","Masonna's analogue electronic side project, exploring cosmic, non-rhythmic synthesis apart from his noise work.",content/library/group/space-machine/index.md
tangerine-dream,Tangerine Dream,group,group,change,high,sound|instruments,time|sound|instruments,time,,,"Adds Time because the record explicitly concerns temporal structure, duration, rhythm, sequence, or recurrence.","German electronic group founded by Edgar Froese in 1967, pioneers of sequencer-driven Berlin School electronic music.",content/library/group/tangerine-dream/index.md
the-haters,The Haters,group,group,retain,high,sound,sound,,,,"No change. The current Subjects match the concerns explicitly stated in the title, summary, body, and entry type without relying on incidental association.","GX Jupitter-Larsen's long-running noise and destruction-art project, active since the late 1970s.",content/library/group/the-haters/index.md
the-new-blockaders,The New Blockaders,group,group,retain,high,sound,sound,,,,"No change. The current Subjects match the concerns explicitly stated in the title, summary, body, and entry type without relying on incidental association.","British noise duo, founded early 1980s, whose Changez les Blockeurs is widely cited as the first true noise record of the modern era.",content/library/group/the-new-blockaders/index.md
theatre-of-eternal-music,Theatre of Eternal Music,group,group,retain,high,sound|time|tuning,sound|time|tuning,,,,"No change. The current Subjects match the concerns explicitly stated in the title, summary, body, and entry type without relying on incidental association.","La Monte Young's drone ensemble, formed in New York in 1962, later known as The Dream Syndicate.",content/library/group/theatre-of-eternal-music/index.md
throbbing-gristle,Throbbing Gristle,group,group,retain,high,sound,sound,,,,"No change. The current Subjects match the concerns explicitly stated in the title, summary, body, and entry type without relying on incidental association.",British industrial group pioneering industrial music and culture.,content/library/group/throbbing-gristle/index.md
violent-onsen-geisha,Violent Onsen Geisha,group,group,retain,high,sound,sound,,,,"No change. The current Subjects match the concerns explicitly stated in the title, summary, body, and entry type without relying on incidental association.","Masaya Nakahara's Tokyo noise project, active from 1988 alongside his work as a writer and, later, actor.",content/library/group/violent-onsen-geisha/index.md
voice-crack,Voice Crack,group,group,change,high,sound|instruments|feedback,sound|instruments,,feedback,,"The record does not establish an explicit recursive output-to-input loop. Feedback is removed rather than inferred from cybernetic association, electronic practice, noise, circuitry, or one-way signal translation.",Swiss duo (Andy Guhl and Norbert Möslang) performing with cracked everyday electronics.,content/library/group/voice-crack/index.md
wolf-eyes,Wolf Eyes,group,group,change,high,sound|feedback,sound,,feedback,,"The record does not establish an explicit recursive output-to-input loop. Feedback is removed rather than inferred from cybernetic association, electronic practice, noise, circuitry, or one-way signal translation.","Michigan noise group formed by Nate Young in 1996, later a duo with John Olson.",content/library/group/wolf-eyes/index.md
american-tapes,American Tapes,organization,organization,retain,high,sound,sound,,,,"No change. The current Subjects match the concerns explicitly stated in the title, summary, body, and entry type without relying on incidental association.","John Olson's Detroit noise/drone cassette label, founded 1991, known for elaborate handmade packaging.",content/library/organization/american-tapes/index.md
arp-instruments,ARP Instruments,organization,organization,retain,high,instruments,instruments,,,,"No change. The current Subjects match the concerns explicitly stated in the title, summary, body, and entry type without relying on incidental association.","American synthesizer manufacturer founded by Alan R. Pearlman, active 1969–1981.",content/library/organization/arp-instruments/index.md
augmented-instruments,Augmented Instruments,organization,organization,change,high,instruments,computation|instruments,computation,,,"Adds Computation because the record explicitly concerns algorithms, programming, formal processing, or machine computation.","British embedded audio platform maker, founded 2016 from Queen Mary University of London research.",content/library/organization/augmented-instruments/index.md
bbc-radiophonic-workshop,BBC Radiophonic Workshop,organization,organization,retain,high,sound,sound,,,,"No change. The current Subjects match the concerns explicitly stated in the title, summary, body, and entry type without relying on incidental association.","BBC department for electronic sound and music, founded 1958 at Maida Vale Studios.",content/library/organization/bbc-radiophonic-workshop/index.md
bell-labs,Bell Labs,organization,organization,retain,high,computation|sound|instruments,computation|sound|instruments,,,Information,"No change. The current Subjects match the concerns explicitly stated in the title, summary, body, and entry type without relying on incidental association.",American research laboratory where Max Mathews developed the first computer music software.,content/library/organization/bell-labs/index.md
biological-computer-laboratory,Biological Computer Laboratory,organization,organization,change,medium,cybernetics|computation|perception,morphogenesis|cybernetics|computation|perception,morphogenesis,,,"Adds Morphogenesis because the record explicitly concerns the production, emergence, or transformation of form.","University of Illinois research center, founded 1958 by Heinz von Foerster, central to second-order cybernetics.",content/library/organization/biological-computer-laboratory/index.md
blacet,Blacet Research,organization,organization,retain,high,instruments,instruments,,,,"No change. The current Subjects match the concerns explicitly stated in the title, summary, body, and entry type without relying on incidental association.","Frac Rack-format modular synthesizer manufacturer founded by John Blacet in 1978, serving the DIY electronic music community.",content/library/organization/blacet/index.md
broken-flag,Broken Flag,organization,organization,retain,high,sound,sound,,,,"No change. The current Subjects match the concerns explicitly stated in the title, summary, body, and entry type without relying on incidental association.",UK power electronics label founded by Gary Mundy of Ramleh in the mid-1980s.,content/library/organization/broken-flag/index.md
buchla-and-associates,Buchla & Associates,organization,organization,retain,high,instruments,instruments,,,,"No change. The current Subjects match the concerns explicitly stated in the title, summary, body, and entry type without relying on incidental association.",American synthesizer manufacturer founded by Don Buchla in 1962.,content/library/organization/buchla-and-associates/index.md
ccrma,CCRMA,organization,organization,retain,high,computation|sound,computation|sound,,,,"No change. The current Subjects match the concerns explicitly stated in the title, summary, body, and entry type without relying on incidental association.","Stanford's Center for Computer Research in Music and Acoustics, founded 1974.",content/library/organization/ccrma/index.md
cemamu,CEMAMu,organization,organization,retain,high,sound|computation|number,sound|computation|number,,,,"No change. The current Subjects match the concerns explicitly stated in the title, summary, body, and entry type without relying on incidental association.","Iannis Xenakis's Paris research center for music and mathematics, formalized 1972, birthplace of the UPIC system.",content/library/organization/cemamu/index.md
center-for-experimental-music-and-intermedia,Center for Experimental Music and Intermedia (CEMI),organization,organization,retain,high,sound,sound,,,,"No change. The current Subjects match the concerns explicitly stated in the title, summary, body, and entry type without relying on incidental association.","University of North Texas center, founded 1963 as the Electronic Music Center by Merrill Ellis.",content/library/organization/center-for-experimental-music-and-intermedia/index.md
claem,CLAEM,organization,organization,retain,high,sound,sound,,,,"No change. The current Subjects match the concerns explicitly stated in the title, summary, body, and entry type without relying on incidental association.","Latin American composition institute at Buenos Aires's Instituto Torcuato Di Tella, founded 1962 by Alberto Ginastera.",content/library/organization/claem/index.md
club-d-essai,Club d'Essai,organization,organization,retain,high,sound,sound,,,,"No change. The current Subjects match the concerns explicitly stated in the title, summary, body, and entry type without relying on incidental association.","Paris radio research club, renamed from the Studio d'Essai in 1946, where Pierre Schaeffer began musique concrète.",content/library/organization/club-d-essai/index.md
cnmat,CNMAT,organization,organization,retain,high,sound|computation|perception,sound|computation|perception,,,,"No change. The current Subjects match the concerns explicitly stated in the title, summary, body, and entry type without relying on incidental association.","UC Berkeley's Center for New Music and Audio Technologies, founded 1989, co-developer of Open Sound Control.",content/library/organization/cnmat/index.md
columbia-university-computer-music-center,Columbia University Computer Music Center,organization,organization,retain,high,sound|computation,sound|computation,,,,"No change. The current Subjects match the concerns explicitly stated in the title, summary, body, and entry type without relying on incidental association.","Renamed in 1996 from the Columbia-Princeton Electronic Music Center, continuing as Columbia's computer music research center.",content/library/organization/columbia-university-computer-music-center/index.md
columbia-princeton-electronic-music-center,Columbia-Princeton Electronic Music Center,organization,organization,change,high,sound,sound|instruments,instruments,,,"Adds Instruments because the record explicitly concerns instrument design, interfaces, controllers, apparatus, or instrumentality.","Joint Columbia/Princeton studio founded 1958-59 around the RCA Mark II synthesizer, the oldest electroacoustic music center in the US.",content/library/organization/columbia-princeton-electronic-music-center/index.md
cycling-74,Cycling '74,organization,organization,retain,high,computation|sound,computation|sound,,,,"No change. The current Subjects match the concerns explicitly stated in the title, summary, body, and entry type without relying on incidental association.","American software company, founded 1997 by David Zicarelli to continue commercial development of Max.",content/library/organization/cycling-74/index.md
danish-radio-electronic-music-studio,Danish Radio Electronic Music Studio,organization,organization,retain,high,sound,sound,,,,"No change. The current Subjects match the concerns explicitly stated in the title, summary, body, and entry type without relying on incidental association.",Informal studio Else Marie Pade organized at Danmarks Radio in the late 1950s.,content/library/organization/danish-radio-electronic-music-studio/index.md
e-mu-systems,E-mu Systems,organization,organization,retain,high,instruments,instruments,,,,"No change. The current Subjects match the concerns explicitly stated in the title, summary, body, and entry type without relying on incidental association.",American sampling instrument manufacturer founded by Dave Rossum.,content/library/organization/e-mu-systems/index.md
ems,Electronic Music Studios (EMS),organization,organization,retain,high,instruments,instruments,,,,"No change. The current Subjects match the concerns explicitly stated in the title, summary, body, and entry type without relying on incidental association.","British synthesizer manufacturer, founded 1969, maker of the VCS3 and Synthi 100.",content/library/organization/ems/index.md
elektronmusikstudion-ems,Elektronmusikstudion (EMS),organization,organization,change,medium,sound|computation,computation|sound|instruments,instruments,,,"Adds Instruments because the record explicitly concerns instrument design, interfaces, controllers, apparatus, or instrumentality.",Swedish national electronic music studio founded 1964 in Stockholm — distinct from the British synthesizer manufacturer of the same acronym.,content/library/organization/elektronmusikstudion-ems/index.md
ensoniq,Ensoniq,organization,organization,retain,high,instruments,instruments,,,,"No change. The current Subjects match the concerns explicitly stated in the title, summary, body, and entry type without relying on incidental association.","American synthesizer manufacturer founded by former Commodore SID-chip engineers, in Malvern, Pennsylvania, in 1982.",content/library/organization/ensoniq/index.md
erstwhile-records,Erstwhile Records,organization,organization,retain,high,sound,sound,,,,"No change. The current Subjects match the concerns explicitly stated in the title, summary, body, and entry type without relying on incidental association.","Jersey City label founded 1999 by Jon Abbey, documenting electroacoustic improvisation almost exclusively through duo and trio recordings.",content/library/organization/erstwhile-records/index.md
eventide,Eventide,organization,organization,retain,high,instruments,instruments,,,,"No change. The current Subjects match the concerns explicitly stated in the title, summary, body, and entry type without relying on incidental association.","American audio processor manufacturer, founded 1971, maker of the Harmonizer line.",content/library/organization/eventide/index.md
experimental-studio-of-czechoslovak-radio,Experimental Studio of Czechoslovak Radio,organization,organization,retain,high,sound,sound,,,,"No change. The current Subjects match the concerns explicitly stated in the title, summary, body, and entry type without relying on incidental association.","Electroacoustic music studio established within Czechoslovak Radio in Bratislava, 1964-65.",content/library/organization/experimental-studio-of-czechoslovak-radio/index.md
fairlight-instruments,Fairlight,organization,organization,retain,high,instruments,instruments,,,,"No change. The current Subjects match the concerns explicitly stated in the title, summary, body, and entry type without relying on incidental association.","Australian instrument manufacturer, founded 1975 by Peter Vogel and Kim Ryrie.",content/library/organization/fairlight-instruments/index.md
fax-records,FAX +49-69/450464,organization,organization,retain,high,sound,sound,,,,"No change. The current Subjects match the concerns explicitly stated in the title, summary, body, and entry type without relying on incidental association.","Pete Namlook's prolific German ambient and electronic label, active through the 1990s and 2000s.",content/library/organization/fax-records/index.md
for4ears,For4Ears,organization,organization,retain,high,sound,sound,,,,"No change. The current Subjects match the concerns explicitly stated in the title, summary, body, and entry type without relying on incidental association.",Günter Müller's Swiss label for free improvisation and electroacoustic music.,content/library/organization/for4ears/index.md
frog-peak,Frog Peak Music,organization,organization,retain,high,sound,sound,,,,"No change. The current Subjects match the concerns explicitly stated in the title, summary, body, and entry type without relying on incidental association.","Composers' collective and publisher of experimental scores, software, and writings.",content/library/organization/frog-peak/index.md
gross-records,G.R.O.S.S. Records,organization,organization,retain,high,sound,sound,,,,"No change. The current Subjects match the concerns explicitly stated in the title, summary, body, and entry type without relying on incidental association.","Akifumi Nakajima's (Aube) own label, releasing his work and others' in partnership with distributors across Asia, North America, and Europe.",content/library/organization/gross-records/index.md
groupe-de-musique-experimentale-de-bourges,Groupe de Musique Expérimentale de Bourges (GMEB),organization,organization,retain,high,sound,sound,,,,"No change. The current Subjects match the concerns explicitly stated in the title, summary, body, and entry type without relying on incidental association.",French electroacoustic institution founded 1970 by Françoise Barrière and Christian Clozier.,content/library/organization/groupe-de-musique-experimentale-de-bourges/index.md
groupe-de-recherche-de-musique-concrete,Groupe de Recherche de Musique Concrète (GRMC),organization,organization,retain,high,sound,sound,,,,"No change. The current Subjects match the concerns explicitly stated in the title, summary, body, and entry type without relying on incidental association.","Pierre Schaeffer's 1951 research group at the Club d'Essai, the direct predecessor of the GRM.",content/library/organization/groupe-de-recherche-de-musique-concrete/index.md
grm,Groupe de Recherches Musicales (GRM),organization,organization,retain,high,sound,sound,,,,"No change. The current Subjects match the concerns explicitly stated in the title, summary, body, and entry type without relying on incidental association.",French institution for musique concrète and electroacoustic research.,content/library/organization/grm/index.md
hanson-records,Hanson Records,organization,organization,retain,high,sound,sound,,,,"No change. The current Subjects match the concerns explicitly stated in the title, summary, body, and entry type without relying on incidental association.","Aaron Dilloway's noise/no-wave label, founded 1994, later also a distributor and Oberlin, Ohio record shop.",content/library/organization/hanson-records/index.md
incus-records,Incus Records,organization,organization,retain,high,sound,sound,,,,"No change. The current Subjects match the concerns explicitly stated in the title, summary, body, and entry type without relying on incidental association.","The first musician-owned independent record label in England, founded 1970 by Derek Bailey, Tony Oxley, and Evan Parker.",content/library/organization/incus-records/index.md
institut-international-de-musique-electroacoustique-de-bourges,Institut International de Musique Électroacoustique de Bourges (IMEB),organization,organization,retain,high,sound,sound,,,,"No change. The current Subjects match the concerns explicitly stated in the title, summary, body, and entry type without relying on incidental association.","Successor institution to the GMEB, recognized as a National Center for Musical Creation in 1997.",content/library/organization/institut-international-de-musique-electroacoustique-de-bourges/index.md
ina,Institut National de l'Audiovisuel (INA),organization,organization,change,high,sound,sound|memory,memory,,,"Adds Memory because the record explicitly concerns storage, recording, retention, recall, or past state affecting future behavior.",French national audiovisual archive institute; administrative home of the GRM since 1975.,content/library/organization/ina/index.md
institute-of-sonology,Institute of Sonology,organization,organization,retain,high,sound|computation,sound|computation,,,,"No change. The current Subjects match the concerns explicitly stated in the title, summary, body, and entry type without relying on incidental association.","Dutch electronic and computer music institute, renamed from STEM in 1967, now at the Royal Conservatory in The Hague.",content/library/organization/institute-of-sonology/index.md
instituto-torcuato-di-tella,Instituto Torcuato Di Tella,organization,organization,retain,high,sound,sound,,,,"No change. The current Subjects match the concerns explicitly stated in the title, summary, body, and entry type without relying on incidental association.","Buenos Aires cultural institute founded 1958, host to CLAEM and the most significant Argentine arts institution of the 1960s.",content/library/organization/instituto-torcuato-di-tella/index.md
ipem,IPEM,organization,organization,retain,high,sound|perception,sound|perception,,,,"No change. The current Subjects match the concerns explicitly stated in the title, summary, body, and entry type without relying on incidental association.","Ghent Institute for Psychoacoustics and Electronic Music, founded 1963.",content/library/organization/ipem/index.md
ircam,IRCAM,organization,organization,retain,high,computation|sound,computation|sound,,,,"No change. The current Subjects match the concerns explicitly stated in the title, summary, body, and entry type without relying on incidental association.","Paris institute for music and acoustic research, founded by Pierre Boulez in 1977.",content/library/organization/ircam/index.md
klein-hummel,Klein + Hummel,organization,organization,retain,high,sound|instruments,sound|instruments,,,,"No change. The current Subjects match the concerns explicitly stated in the title, summary, body, and entry type without relying on incidental association.","German professional audio manufacturer, founded shortly after WWII, later absorbed into Sennheiser/Neumann.",content/library/organization/klein-hummel/index.md
korg,Korg,organization,organization,retain,high,instruments,instruments,,,,"No change. The current Subjects match the concerns explicitly stated in the title, summary, body, and entry type without relying on incidental association.","Japanese synthesizer manufacturer, founded in Tokyo in 1962, from the MS-20 and Polysix to the Wavestation.",content/library/organization/korg/index.md
krohn-hite,Krohn-Hite Corporation,organization,organization,retain,high,instruments,instruments,,,,"No change. The current Subjects match the concerns explicitly stated in the title, summary, body, and entry type without relying on incidental association.","American manufacturer of test and measurement instruments, including precision filters, amplifiers, and distortion analyzers.",content/library/organization/krohn-hite/index.md
kurzweil,Kurzweil Music Systems,organization,organization,change,high,computation|sound,computation|sound|instruments,instruments,,,"Adds Instruments because the record explicitly concerns instrument design, interfaces, controllers, apparatus, or instrumentality.","Synthesizer manufacturer founded by Ray Kurzweil and Stevie Wonder in 1982, whose K250 was the first instrument to convincingly sample acoustic piano.",content/library/organization/kurzweil/index.md
lafms,LAFMS,organization,organization,retain,high,sound,sound,,,,"No change. The current Subjects match the concerns explicitly stated in the title, summary, body, and entry type without relying on incidental association.","Los Angeles Free Music Society, a collective of noise and free-improvisation acts founded in 1973.",content/library/organization/lafms/index.md
les-ateliers-upic,Les Ateliers UPIC,organization,organization,retain,high,sound|computation,sound|computation,,,,"No change. The current Subjects match the concerns explicitly stated in the title, summary, body, and entry type without relying on incidental association.","CEMAMu's successor name, running production and training on the UPIC system through the 1980s.",content/library/organization/les-ateliers-upic/index.md
lexicon,Lexicon,organization,organization,retain,high,instruments,instruments,,,,"No change. The current Subjects match the concerns explicitly stated in the title, summary, body, and entry type without relying on incidental association.","American digital audio processor manufacturer, founded 1971.",content/library/organization/lexicon/index.md
line-imprint,Line,organization,organization,retain,high,sound|perception,sound|perception,,,,"No change. The current Subjects match the concerns explicitly stated in the title, summary, body, and entry type without relying on incidental association.","American label founded by Richard Chartier, documenting minimalist sound art and composition.",content/library/organization/line-imprint/index.md
mego,Mego,organization,organization,retain,high,sound,sound,,,,"No change. The current Subjects match the concerns explicitly stated in the title, summary, body, and entry type without relying on incidental association.","Vienna experimental electronic label, 1994-2005, foundational to glitch and digital noise.",content/library/organization/mego/index.md
mille-plateaux,Mille Plateaux,organization,organization,retain,high,sound,sound,,,,"No change. The current Subjects match the concerns explicitly stated in the title, summary, body, and entry type without relying on incidental association.","German label founded 1994 by Achim Szepanski, a primary vector for philosophy-inflected glitch, microsound, and IDM.",content/library/organization/mille-plateaux/index.md
mills-center-for-contemporary-music,Mills Center for Contemporary Music,organization,organization,retain,high,sound|instruments,sound|instruments,,,,"No change. The current Subjects match the concerns explicitly stated in the title, summary, body, and entry type without relying on incidental association.","Successor to the San Francisco Tape Music Center, established at Mills College in 1966 under Pauline Oliveros.",content/library/organization/mills-center-for-contemporary-music/index.md
moog-music,Moog Music,organization,organization,retain,high,instruments,instruments,,,,"No change. The current Subjects match the concerns explicitly stated in the title, summary, body, and entry type without relying on incidental association.",American synthesizer manufacturer founded by Robert Moog.,content/library/organization/moog-music/index.md
new-england-digital,New England Digital,organization,organization,change,high,instruments,computation|instruments,computation,,,"Adds Computation because the record explicitly concerns algorithms, programming, formal processing, or machine computation.","American digital instrument manufacturer, 1976–1993, maker of the Synclavier.",content/library/organization/new-england-digital/index.md
nhk-electronic-music-studio,NHK Electronic Music Studio,organization,organization,retain,high,sound,sound,,,,"No change. The current Subjects match the concerns explicitly stated in the title, summary, body, and entry type without relying on incidental association.","Tokyo broadcaster's electronic music studio, completed 1954, modeled on WDR's Cologne studio.",content/library/organization/nhk-electronic-music-studio/index.md
nonlinear-labs,Nonlinear Labs,organization,organization,retain,high,instruments,instruments,,,,"No change. The current Subjects match the concerns explicitly stated in the title, summary, body, and entry type without relying on incidental association.","Berlin synthesizer manufacturer founded 2011 by Stephan Schmitt, founder of Native Instruments.",content/library/organization/nonlinear-labs/index.md
oberheim-electronics,Oberheim Electronics,organization,organization,retain,high,instruments,instruments,,,,"No change. The current Subjects match the concerns explicitly stated in the title, summary, body, and entry type without relying on incidental association.",American synthesizer manufacturer founded by Tom Oberheim.,content/library/organization/oberheim-electronics/index.md
oramics-studios,Oramics Studios,organization,organization,retain,high,sound,sound,,,,"No change. The current Subjects match the concerns explicitly stated in the title, summary, body, and entry type without relying on incidental association.","Daphne Oram's independent studio, founded 1959 after leaving the BBC, at Tower Folly in Kent.",content/library/organization/oramics-studios/index.md
polish-radio-experimental-studio,Polish Radio Experimental Studio,organization,organization,retain,high,sound,sound,,,,"No change. The current Subjects match the concerns explicitly stated in the title, summary, body, and entry type without relying on incidental association.","Warsaw electronic music studio founded 1957, one of Europe's first.",content/library/organization/polish-radio-experimental-studio/index.md
ppg,PPG,organization,organization,retain,high,instruments,instruments,,,,"No change. The current Subjects match the concerns explicitly stated in the title, summary, body, and entry type without relying on incidental association.",German synthesizer manufacturer founded by Wolfgang Palm.,content/library/organization/ppg/index.md
princeton-computer-music-center,Princeton Computer Music Center,organization,organization,retain,high,sound|computation,sound|computation,,,,"No change. The current Subjects match the concerns explicitly stated in the title, summary, body, and entry type without relying on incidental association.","Princeton's own computer music studio, built around Godfrey Winham and Paul Lansky's extensions to Max Mathews' MUSIC language.",content/library/organization/princeton-computer-music-center/index.md
rand-corporation,RAND Corporation,organization,organization,retain,high,cybernetics|computation,cybernetics|computation,,,Information,"No change. The current Subjects match the concerns explicitly stated in the title, summary, body, and entry type without relying on incidental association.","American nonprofit research institution, founded 1948, that formalized systems analysis and incubated early computing, game theory, and packet-switching research.",content/library/organization/rand-corporation/index.md
raster-noton,Raster-Noton,organization,organization,retain,high,sound,sound,,,,"No change. The current Subjects match the concerns explicitly stated in the title, summary, body, and entry type without relying on incidental association.","German label formed 1999 from the merger of Rastermusic and Noton, focused on minimal, rhythmic, and experimental electronic music.",content/library/organization/raster-noton/index.md
roland-corporation,Roland Corporation,organization,organization,retain,high,instruments,instruments,,,,"No change. The current Subjects match the concerns explicitly stated in the title, summary, body, and entry type without relying on incidental association.","Japanese electronic instrument manufacturer, founded 1972 by Ikutaro Kakehashi.",content/library/organization/roland-corporation/index.md
rossum-electro-music,Rossum Electro-Music,organization,organization,retain,high,instruments,instruments,,,,"No change. The current Subjects match the concerns explicitly stated in the title, summary, body, and entry type without relying on incidental association.","Dave Rossum's Eurorack modular synthesis company, founded 2015.",content/library/organization/rossum-electro-music/index.md
san-francisco-tape-music-center,San Francisco Tape Music Center,organization,organization,retain,high,sound|instruments,sound|instruments,,,,"No change. The current Subjects match the concerns explicitly stated in the title, summary, body, and entry type without relying on incidental association.","Bay Area studio and collective founded 1962 by Ramon Sender and Morton Subotnick, birthplace of the Buchla modular system.",content/library/organization/san-francisco-tape-music-center/index.md
sequential,Sequential,organization,organization,retain,high,instruments,instruments,,,,"No change. The current Subjects match the concerns explicitly stated in the title, summary, body, and entry type without relying on incidental association.","Dave Smith's synthesizer company, founded 1974 as Sequential Circuits, maker of the Prophet-5 and driving force behind MIDI.",content/library/organization/sequential/index.md
serge-modular-music-systems,Serge Modular Music Systems,organization,organization,retain,high,instruments,instruments,,,,"No change. The current Subjects match the concerns explicitly stated in the title, summary, body, and entry type without relying on incidental association.","Serge Tcherepnin's company, selling low-cost modular synthesizers designed at CalArts from 1973 until 1986.",content/library/organization/serge-modular-music-systems/index.md
siemens-studio-fur-elektronische-musik,Siemens-Studio für elektronische Musik,organization,organization,change,high,sound,sound|instruments,instruments,,,"Adds Instruments because the record explicitly concerns instrument design, interfaces, controllers, apparatus, or instrumentality.","Munich electronic music studio built from Siemens' own synthesizer, active 1959-1968.",content/library/organization/siemens-studio-fur-elektronische-musik/index.md
sts,Sound Transform Systems (STS),organization,organization,retain,high,instruments,instruments,,,,"No change. The current Subjects match the concerns explicitly stated in the title, summary, body, and entry type without relying on incidental association.","Successor company to Serge Modular Music Systems, founded 1993 by Rex Probe under license from Serge Tcherepnin.",content/library/organization/sts/index.md
steim,STEIM,organization,organization,retain,high,sound|instruments,sound|instruments,,,,"No change. The current Subjects match the concerns explicitly stated in the title, summary, body, and entry type without relying on incidental association.","Amsterdam studio for electro-instrumental music, founded 1969, focused on hands-on live-electronic instrument building.",content/library/organization/steim/index.md
studio-d-essai,Studio d'Essai,organization,organization,retain,high,sound,sound,,,,"No change. The current Subjects match the concerns explicitly stated in the title, summary, body, and entry type without relying on incidental association.","Wartime French radio studio founded 1942, ancestor of the GRM lineage.",content/library/organization/studio-d-essai/index.md
studio-di-fonologia-musicale-rai-milano,Studio di Fonologia Musicale della RAI di Milano,organization,organization,change,medium,sound,sound|instruments,instruments,,,"Adds Instruments because the record explicitly concerns instrument design, interfaces, controllers, apparatus, or instrumentality.",Milan electronic music studio founded 1955 by Luciano Berio and Bruno Maderna.,content/library/organization/studio-di-fonologia-musicale-rai-milano/index.md
studio-fur-elektronische-musik-des-wdr,Studio für elektronische Musik des WDR,organization,organization,change,high,sound,sound|instruments,instruments,,,"Adds Instruments because the record explicitly concerns instrument design, interfaces, controllers, apparatus, or instrumentality.","The world's first electronic music studio, founded 1951 at West German Radio in Cologne.",content/library/organization/studio-fur-elektronische-musik-des-wdr/index.md
studio-panaroma,Studio PANaroma,organization,organization,retain,high,sound,sound,,,,"No change. The current Subjects match the concerns explicitly stated in the title, summary, body, and entry type without relying on incidental association.","Brazilian electroacoustic music studio founded 1994 by Flo Menezes, now at São Paulo State University.",content/library/organization/studio-panaroma/index.md
studio-voor-elektronische-muziek,Studio voor Elektronische Muziek (STEM),organization,organization,retain,high,sound,sound,,,,"No change. The current Subjects match the concerns explicitly stated in the title, summary, body, and entry type without relying on incidental association.","Utrecht studio founded 1960 on Philips' Eindhoven equipment, renamed Institute of Sonology in 1967.",content/library/organization/studio-voor-elektronische-muziek/index.md
swr-experimentalstudio,SWR Experimentalstudio,organization,organization,retain,high,sound,sound,,,,"No change. The current Subjects match the concerns explicitly stated in the title, summary, body, and entry type without relying on incidental association.","Freiburg studio for live electronics, founded 1971 within the Heinrich Strobel Foundation.",content/library/organization/swr-experimentalstudio/index.md
symbolic-sound,Symbolic Sound,organization,organization,retain,high,computation|sound,computation|sound,,,,"No change. The current Subjects match the concerns explicitly stated in the title, summary, body, and entry type without relying on incidental association.","American software company founded 1989/90 by Carla Scaletti and Kurt Hebel, makers of Kyma.",content/library/organization/symbolic-sound/index.md
synclavier-digital,Synclavier Digital,organization,organization,retain,high,instruments,instruments,,,,"No change. The current Subjects match the concerns explicitly stated in the title, summary, body, and entry type without relying on incidental association.","The modern company continuing the Synclavier lineage, run by original co-creator Cameron Jones.",content/library/organization/synclavier-digital/index.md
synton,Synton,organization,organization,retain,high,instruments,instruments,,,,"No change. The current Subjects match the concerns explicitly stated in the title, summary, body, and entry type without relying on incidental association.","Dutch synthesizer manufacturer and distributor, founded 1973 by Felix Visser.",content/library/organization/synton/index.md
united-dairies,United Dairies,organization,organization,change,high,sound|feedback,sound,,feedback,,"The record does not establish an explicit recursive output-to-input loop. Feedback is removed rather than inferred from cybernetic association, electronic practice, noise, circuitry, or one-way signal translation.","Steven Stapleton's label, founded to release Nurse With Wound and related experimental music.",content/library/organization/united-dairies/index.md
ucsd-electronic-music-studio,"University of California, San Diego Electronic Music Studio",organization,organization,retain,high,sound,sound,,,,"No change. The current Subjects match the concerns explicitly stated in the title, summary, body, and entry type without relying on incidental association.","UCSD's electronic music studio, established 1967 by Pauline Oliveros, later renamed the Center for Music Experiment.",content/library/organization/ucsd-electronic-music-studio/index.md
university-of-helsinki-electronic-music-studio,University of Helsinki Electronic Music Studio,organization,organization,change,medium,sound,sound|instruments,instruments,,,"Adds Instruments because the record explicitly concerns instrument design, interfaces, controllers, apparatus, or instrumentality.","Finland's first electronic music studio, built by Erkki Kurenniemi from 1962.",content/library/organization/university-of-helsinki-electronic-music-studio/index.md
university-of-illinois-experimental-music-studios,University of Illinois Experimental Music Studios,organization,organization,retain,high,sound|computation|number,sound|computation|number,,,,"No change. The current Subjects match the concerns explicitly stated in the title, summary, body, and entry type without relying on incidental association.","Founded 1958 by Lejaren Hiller, arguably the first electronic/computer music studio in the Western Hemisphere.",content/library/organization/university-of-illinois-experimental-music-studios/index.md
university-of-iowa-electronic-music-studios,University of Iowa Electronic Music Studios,organization,organization,change,high,sound|computation,computation|sound|instruments,instruments,,,"Adds Instruments because the record explicitly concerns instrument design, interfaces, controllers, apparatus, or instrumentality.","Founded 1964 around the world's first real-time digital synthesizer, built by James Cessna.",content/library/organization/university-of-iowa-electronic-music-studios/index.md
university-of-toronto-electronic-music-studio,University of Toronto Electronic Music Studio,organization,organization,change,high,sound,sound|instruments,instruments,,,"Adds Instruments because the record explicitly concerns instrument design, interfaces, controllers, apparatus, or instrumentality.",Canadian electronic music studio built around a bank of twelve keyboard-controlled oscillators.,content/library/organization/university-of-toronto-electronic-music-studio/index.md
vanilla-records,Vanilla Records,organization,organization,retain,high,sound,sound,,,,"No change. The current Subjects match the concerns explicitly stated in the title, summary, body, and entry type without relying on incidental association.","Kyoto noise label run by Michio Teshima, an early hub for the Japanese noise scene's key acts, 1989–1995.",content/library/organization/vanilla-records/index.md
waldorf-music,Waldorf Music,organization,organization,retain,high,instruments,instruments,,,,"No change. The current Subjects match the concerns explicitly stated in the title, summary, body, and entry type without relying on incidental association.",German synthesizer manufacturer founded in 1988 by PPG's former German distributor.,content/library/organization/waldorf-music/index.md
wave-notation,Wave Notation,organization,organization,retain,high,sound|space|perception,sound|space|perception,,,,"No change. The current Subjects match the concerns explicitly stated in the title, summary, body, and entry type without relying on incidental association.","Satoshi Ashikawa's environmental-music imprint on his Sound Process label, home to the three-LP Wave Notation series.",content/library/organization/wave-notation/index.md
wiard,Wiard,organization,organization,retain,high,instruments,instruments,,,,"No change. The current Subjects match the concerns explicitly stated in the title, summary, body, and entry type without relying on incidental association.","Modular synthesizer company founded by Grant Richter in 1999, reinterpreting Buchla-derived 'West Coast' ideas in a DIY-accessible format.",content/library/organization/wiard/index.md
world-soundscape-project,World Soundscape Project,organization,organization,retain,high,sound|perception|space,sound|perception|space,,,,"No change. The current Subjects match the concerns explicitly stated in the title, summary, body, and entry type without relying on incidental association.",R. Murray Schafer's research group at Simon Fraser University that founded acoustic ecology.,content/library/organization/world-soundscape-project/index.md
xerxes,Xerxes,organization,organization,retain,high,sound,sound,,,,"No change. The current Subjects match the concerns explicitly stated in the title, summary, body, and entry type without relying on incidental association.","Yasutoshi Yoshida's own label, releasing his Government Alpha noise project since 1992.",content/library/organization/xerxes/index.md
yamaha,Yamaha,organization,organization,retain,high,instruments,instruments,,,,"No change. The current Subjects match the concerns explicitly stated in the title, summary, body, and entry type without relying on incidental association.","Japanese musical instrument manufacturer, founded as Nippon Gakki in 1887, that brought FM synthesis to market with the DX7.",content/library/organization/yamaha/index.md
aaron-dilloway,Aaron Dilloway,person,person,change,high,sound|feedback,sound,,feedback,,"The record does not establish an explicit recursive output-to-input loop. Feedback is removed rather than inferred from cybernetic association, electronic practice, noise, circuitry, or one-way signal translation.","American noise musician, member of Wolf Eyes from 1998 to 2005, founder of Hanson Records.",content/library/person/aaron-dilloway/index.md
alan-pearlman,Alan R. Pearlman,person,person,retain,high,instruments,instruments,,,,"No change. The current Subjects match the concerns explicitly stated in the title, summary, body, and entry type without relying on incidental association.","American engineer, founder of ARP Instruments.",content/library/person/alan-pearlman/index.md
alan-turing,Alan Turing,person,person,retain,high,computation|number|morphogenesis,computation|number|morphogenesis,,,,"No change. The current Subjects match the concerns explicitly stated in the title, summary, body, and entry type without relying on incidental association.",Mathematician and father of theoretical computer science.,content/library/person/alan-turing/index.md
albert-ayler,Albert Ayler,person,person,retain,high,sound|perception,sound|perception,,,,"No change. The current Subjects match the concerns explicitly stated in the title, summary, body, and entry type without relying on incidental association.","American saxophonist; central figure in free jazz, known for raw tone and collective improvisation.",content/library/person/albert-ayler/index.md
alvin-curran,Alvin Curran,person,person,change,high,sound|feedback,sound,,feedback,,"The record does not establish an explicit recursive output-to-input loop. Feedback is removed rather than inferred from cybernetic association, electronic practice, noise, circuitry, or one-way signal translation.","American composer, co-founder of Musica Elettronica Viva.",content/library/person/alvin-curran/index.md
alvin-lucier,Alvin Lucier,person,person,retain,high,sound|perception|space,sound|perception|space,,,,"No change. The current Subjects match the concerns explicitly stated in the title, summary, body, and entry type without relying on incidental association.","American composer exploring acoustic phenomena, resonance, and the physics of sound in space.",content/library/person/alvin-lucier/index.md
andrew-cyrille,Andrew Cyrille,person,person,retain,high,sound|time,sound|time,,,,"No change. The current Subjects match the concerns explicitly stated in the title, summary, body, and entry type without relying on incidental association.",American free-jazz drummer known for his work with Cecil Taylor and his own long solo and duo practice.,content/library/person/andrew-cyrille/index.md
anthony-braxton,Anthony Braxton,person,person,retain,high,sound|form,sound|form,,,,"No change. The current Subjects match the concerns explicitly stated in the title, summary, body, and entry type without relying on incidental association.","American composer and multi-instrumentalist, an original member of the AACM and one of the most prolific figures in creative music.",content/library/person/anthony-braxton/index.md
asmus-tietchens,Asmus Tietchens,person,person,retain,high,sound|form,sound|form,,,,"No change. The current Subjects match the concerns explicitly stated in the title, summary, body, and entry type without relying on incidental association.","German electronic music pioneer, active in Hamburg since the mid-1960s, pursuing rigorous 'absolute music' through musique concrète and synthesis.",content/library/person/asmus-tietchens/index.md
barry-truax,Barry Truax,person,person,change,medium,sound|computation|space,computation|perception|sound|space,perception,,,"Adds Perception because the record explicitly concerns sensation, listening, cognition, observation, or interpretation.","Canadian composer, World Soundscape Project member, and pioneer of real-time granular synthesis.",content/library/person/barry-truax/index.md
barry-vercoe,Barry Vercoe,person,person,change,high,computation|sound,computation|sound|language,language,,,"Adds Language because the record explicitly concerns signs, symbols, notation, semantics, grammar, codes, or communication systems.","New Zealand-born composer and computer scientist, creator of Csound.",content/library/person/barry-vercoe/index.md
bernard-parmegiani,Bernard Parmegiani,person,person,retain,high,sound|perception,sound|perception,,,,"No change. The current Subjects match the concerns explicitly stated in the title, summary, body, and entry type without relying on incidental association.",French composer of musique concrète and acousmatic sound.,content/library/person/bernard-parmegiani/index.md
bill-laswell,Bill Laswell,person,person,retain,high,sound,sound,,,,"No change. The current Subjects match the concerns explicitly stated in the title, summary, body, and entry type without relying on incidental association.","American bassist, producer, and prolific collaborator across free jazz, dub, ambient, and experimental studio production.",content/library/person/bill-laswell/index.md
brian-eno,Brian Eno,person,person,change,medium,sound|feedback,time|form|computation|sound,time|form|computation,feedback,,"The record does not establish an explicit recursive output-to-input loop. Feedback is removed rather than inferred from cybernetic association, electronic practice, noise, circuitry, or one-way signal translation.",British musician and originator of ambient and generative music.,content/library/person/brian-eno/index.md
buckminster-fuller,Buckminster Fuller,person,person,change,medium,form,number|form|space,number|space,,,"Adds Number, Space because the record explicitly concerns mathematical quantity, ratio, measurement, or numerical structure; spatial organization, geometry, environments, distribution, or spatialization.",Designer and systems thinker.,content/library/person/buckminster-fuller/index.md
cameron-jones,Cameron Jones,person,person,change,high,instruments,computation|instruments,computation,,,"Adds Computation because the record explicitly concerns algorithms, programming, formal processing, or machine computation.","American engineer, co-creator of the Synclavier at Dartmouth College.",content/library/person/cameron-jones/index.md
carsten-nicolai,Carsten Nicolai,person,person,retain,high,sound,sound,,,,"No change. The current Subjects match the concerns explicitly stated in the title, summary, body, and entry type without relying on incidental association.","German artist and musician, recording as Alva Noto; founder of Noton and co-founder of Raster-Noton.",content/library/person/carsten-nicolai/index.md
cecil-taylor,Cecil Taylor,person,person,retain,high,sound|instruments,sound|instruments,,,,"No change. The current Subjects match the concerns explicitly stated in the title, summary, body, and entry type without relying on incidental association.","American pianist and poet, a founding figure of free jazz's percussive, dense keyboard language.",content/library/person/cecil-taylor/index.md
chris-carter,Chris Carter,person,person,retain,high,sound|instruments,sound|instruments,,,,"No change. The current Subjects match the concerns explicitly stated in the title, summary, body, and entry type without relying on incidental association.","British musician and electronics designer, founding member of Throbbing Gristle and inventor of the Gristleizer.",content/library/person/chris-carter/index.md
christopher-langton,Christopher Langton,person,person,retain,high,computation|dynamics|morphogenesis,computation|dynamics|morphogenesis,,,,"No change. The current Subjects match the concerns explicitly stated in the title, summary, body, and entry type without relying on incidental association.",American computer scientist and founder of the field of artificial life.,content/library/person/christopher-langton/index.md
chu-ishikawa,Chu Ishikawa,person,person,retain,high,sound,sound,,,,"No change. The current Subjects match the concerns explicitly stated in the title, summary, body, and entry type without relying on incidental association.",Japanese composer and industrial musician; longtime film composer for Shinya Tsukamoto.,content/library/person/chu-ishikawa/index.md
conny-plank,Conny Plank,person,person,retain,high,sound,sound,,,,"No change. The current Subjects match the concerns explicitly stated in the title, summary, body, and entry type without relying on incidental association.","German record producer and sound engineer, the unifying studio hand behind much of krautrock.",content/library/person/conny-plank/index.md
conrad-schnitzler,Conrad Schnitzler,person,person,retain,high,sound|instruments,sound|instruments,,,,"No change. The current Subjects match the concerns explicitly stated in the title, summary, body, and entry type without relying on incidental association.",Prolific German electronic musician and Kluster co-founder.,content/library/person/conrad-schnitzler/index.md
cosey-fanni-tutti,Cosey Fanni Tutti,person,person,change,medium,sound|perception,sound,,perception,,"The record presents an album or performance without making sensation, listening, cognition, observation, or perceptual organization a substantial subject.","British musician and artist (b. Christine Newby), founding member of COUM Transmissions and Throbbing Gristle.",content/library/person/cosey-fanni-tutti/index.md
curtis-roads,Curtis Roads,person,person,retain,high,computation|sound|time,computation|sound|time,,,,"No change. The current Subjects match the concerns explicitly stated in the title, summary, body, and entry type without relying on incidental association.","American composer and researcher who first programmed Xenakis's theory of granular synthesis, later formalizing it in Microsound.",content/library/person/curtis-roads/index.md
darcy-thompson,D'Arcy Wentworth Thompson,person,person,retain,high,morphogenesis|form|number,morphogenesis|form|number,,,,"No change. The current Subjects match the concerns explicitly stated in the title, summary, body, and entry type without relying on incidental association.",Scottish biologist and mathematician; On Growth and Form pioneered the mathematical study of biological pattern.,content/library/person/darcy-thompson/index.md
dave-rossum,Dave Rossum,person,person,change,high,instruments,computation|instruments,computation,,,"Adds Computation because the record explicitly concerns algorithms, programming, formal processing, or machine computation.","American engineer, founder of E-mu Systems and pioneer of sampling instrument design.",content/library/person/dave-rossum/index.md
dave-smith,Dave Smith,person,person,change,medium,instruments,computation|instruments|language,computation|language,,,"Adds Computation, Language because the record explicitly concerns algorithms, programming, formal processing, or machine computation; signs, symbols, notation, semantics, grammar, codes, or communication systems.","American engineer, founder of Sequential, designer of the Prophet-5, and driving force behind the MIDI specification.",content/library/person/dave-smith/index.md
david-b-doty,David B. Doty,person,person,retain,high,tuning|number,tuning|number,,,,"No change. The current Subjects match the concerns explicitly stated in the title, summary, body, and entry type without relying on incidental association.",American composer and writer; author of The Just Intonation Primer.,content/library/person/david-b-doty/index.md
david-behrman,David Behrman,person,person,change,high,sound|feedback|computation,computation|sound,,feedback,,"The record does not establish an explicit recursive output-to-input loop. Feedback is removed rather than inferred from cybernetic association, electronic practice, noise, circuitry, or one-way signal translation.","American composer, co-founder of the Sonic Arts Union, and Columbia Records producer of the 'Music of Our Time' series.",content/library/person/david-behrman/index.md
david-borden,David Borden,person,person,retain,high,sound|instruments,sound|instruments,,,,"No change. The current Subjects match the concerns explicitly stated in the title, summary, body, and entry type without relying on incidental association.","American composer, founder of Mother Mallard's Portable Masterpiece Company, one of the first ensembles to perform live on synthesizers.",content/library/person/david-borden/index.md
david-dunn,David Dunn,person,person,change,medium,sound|perception|cybernetics,cybernetics|perception|sound|language,language,,,"Adds Language because the record explicitly concerns signs, symbols, notation, semantics, grammar, codes, or communication systems.","American composer and bioacoustician working at the intersection of music, language, and environment.",content/library/person/david-dunn/index.md
david-hilbert,David Hilbert,person,person,retain,high,number|form|computation,number|form|computation,,,,"No change. The current Subjects match the concerns explicitly stated in the title, summary, body, and entry type without relying on incidental association.",German mathematician who defended and axiomatized Cantorian set theory and posed the Entscheidungsproblem.,content/library/person/david-hilbert/index.md
david-rosenboom,David Rosenboom,person,person,retain,high,sound|feedback|perception,sound|feedback|perception,,,,"No change. The current Subjects match the concerns explicitly stated in the title, summary, body, and entry type without relying on incidental association.","American composer and pioneer of biofeedback and brainwave music, longtime Dean of Music at CalArts.",content/library/person/david-rosenboom/index.md
david-tudor,David Tudor,person,person,retain,high,instruments|sound|feedback,sound|instruments|feedback,,,,"No change. The current Subjects match the concerns explicitly stated in the title, summary, body, and entry type without relying on incidental association.",Pianist turned live-electronics pioneer; Rainforest and feedback instruments.,content/library/person/david-tudor/index.md
delia-derbyshire,Delia Derbyshire,person,person,retain,high,sound|time,sound|time,,,,"No change. The current Subjects match the concerns explicitly stated in the title, summary, body, and entry type without relying on incidental association.",British composer and BBC Radiophonic Workshop pioneer of musique concrète and electronic sound.,content/library/person/delia-derbyshire/index.md
denis-charles,Denis Charles,person,person,retain,high,sound|instruments|time,sound|instruments|time,,,,"No change. The current Subjects match the concerns explicitly stated in the title, summary, body, and entry type without relying on incidental association.","Virgin Islands-born drummer whose loose, melodic pulse shaped early free jazz.",content/library/person/denis-charles/index.md
denis-smalley,Denis Smalley,person,person,change,medium,sound|form|perception,time|form|perception|sound,time,,,"Adds Time because the record explicitly concerns temporal structure, duration, rhythm, sequence, or recurrence.","New Zealand-born composer of acousmatic music, who coined the analytical concept of spectromorphology.",content/library/person/denis-smalley/index.md
derek-bailey,Derek Bailey,person,person,retain,high,sound|instruments,sound|instruments,,,,"No change. The current Subjects match the concerns explicitly stated in the title, summary, body, and entry type without relying on incidental association.",English guitarist central to free improvisation and non-idiomatic playing.,content/library/person/derek-bailey/index.md
dieter-moebius,Dieter Moebius,person,person,retain,high,sound,sound,,,,"No change. The current Subjects match the concerns explicitly stated in the title, summary, body, and entry type without relying on incidental association.","Swiss-born German electronic musician, co-founder of Kluster, Cluster, and Harmonia.",content/library/person/dieter-moebius/index.md
don-buchla,Don Buchla,person,person,retain,high,instruments,instruments,,,,"No change. The current Subjects match the concerns explicitly stated in the title, summary, body, and entry type without relying on incidental association.","American instrument designer, co-inventor of the voltage-controlled modular synthesizer.",content/library/person/don-buchla/index.md
don-cherry,Don Cherry,person,person,retain,high,sound|instruments,sound|instruments,,,,"No change. The current Subjects match the concerns explicitly stated in the title, summary, body, and entry type without relying on incidental association.","American trumpeter central to free jazz, known for the pocket trumpet and world-music fusion.",content/library/person/don-cherry/index.md
don-pullen,Don Pullen,person,person,retain,high,sound|time,sound|time,,,,"No change. The current Subjects match the concerns explicitly stated in the title, summary, body, and entry type without relying on incidental association.","American pianist and organist central to free jazz, known for percussive clusters and rolling-forearm technique.",content/library/person/don-pullen/index.md
douglas-hofstadter,Douglas Hofstadter,person,person,retain,high,number|form|computation,number|form|computation,,,,"No change. The current Subjects match the concerns explicitly stated in the title, summary, body, and entry type without relying on incidental association.","American cognitive scientist; author of Gödel, Escher, Bach.",content/library/person/douglas-hofstadter/index.md
ed-blackwell,Ed Blackwell,person,person,retain,high,sound|time,sound|time,,,,"No change. The current Subjects match the concerns explicitly stated in the title, summary, body, and entry type without relying on incidental association.","American jazz drummer known for his work with Ornette Coleman and Don Cherry, bringing New Orleans rhythm into free jazz.",content/library/person/ed-blackwell/index.md
eddie-prevost,Eddie Prévost,person,person,retain,high,sound|perception,sound|perception,,,,"No change. The current Subjects match the concerns explicitly stated in the title, summary, body, and entry type without relying on incidental association.","British percussionist, co-founder of AMM, and founder of Matchless Recordings.",content/library/person/eddie-prevost/index.md
eduard-artemyev,Eduard Artemyev,person,person,retain,high,sound|time,sound|time,,,,"No change. The current Subjects match the concerns explicitly stated in the title, summary, body, and entry type without relying on incidental association.","Russian electronic and film composer, best known for scoring Andrei Tarkovsky's Solaris, The Mirror, and Stalker.",content/library/person/eduard-artemyev/index.md
edward-tufte,Edward Tufte,person,person,retain,high,form|perception|number,form|perception|number,,,,"No change. The current Subjects match the concerns explicitly stated in the title, summary, body, and entry type without relying on incidental association.",American statistician and political scientist; self-published The Visual Display of Quantitative Information after publishers declined it.,content/library/person/edward-tufte/index.md
else-marie-pade,Else Marie Pade,person,person,retain,high,sound|time,sound|time,,,,"No change. The current Subjects match the concerns explicitly stated in the title, summary, body, and entry type without relying on incidental association.",Danish composer; the first Danish composer of electronic and concrete music.,content/library/person/else-marie-pade/index.md
ennio-morricone,Ennio Morricone,person,person,change,high,sound|feedback,sound,,feedback,,"The record does not establish an explicit recursive output-to-input loop. Feedback is removed rather than inferred from cybernetic association, electronic practice, noise, circuitry, or one-way signal translation.","Italian composer, best known for film scoring, and a member of Gruppo di Improvvisazione Nuova Consonanza.",content/library/person/ennio-morricone/index.md
erkki-kurenniemi,Erkki Kurenniemi,person,person,change,medium,instruments,cybernetics|computation|instruments|feedback,cybernetics|computation|feedback,,,"Adds Cybernetics, Computation, Feedback because the record explicitly concerns control, regulation, communication, adaptation, or observer–system relations; algorithms, programming, formal processing, or machine computation; a recursive return of output or effects into subsequent input or behavior.",Finnish inventor and composer; built the University of Helsinki's electronic music studio and the DIMI series of instruments.,content/library/person/erkki-kurenniemi/index.md
evan-parker,Evan Parker,person,person,retain,high,sound|instruments,sound|instruments,,,,"No change. The current Subjects match the concerns explicitly stated in the title, summary, body, and entry type without relying on incidental association.",English saxophonist central to free improvisation; co-founder of Incus Records.,content/library/person/evan-parker/index.md
flo-menezes,Flo Menezes,person,person,retain,high,sound,sound,,,,"No change. The current Subjects match the concerns explicitly stated in the title, summary, body, and entry type without relying on incidental association.","Brazilian composer; founder and director of Studio PANaroma, shaped by a residency at Cologne's WDR studio.",content/library/person/flo-menezes/index.md
francisco-varela,Francisco Varela,person,person,change,medium,cybernetics|perception|feedback,morphogenesis|cybernetics|perception,morphogenesis,feedback,,"The record does not establish an explicit recursive output-to-input loop. Feedback is removed rather than inferred from cybernetic association, electronic practice, noise, circuitry, or one-way signal translation.","Chilean biologist and philosopher; co-originator, with Humberto Maturana, of the concept of autopoiesis.",content/library/person/francisco-varela/index.md
frank-lowe,Frank Lowe,person,person,retain,high,sound,sound,,,,"No change. The current Subjects match the concerns explicitly stated in the title, summary, body, and entry type without relying on incidental association.",American tenor saxophonist associated with free jazz.,content/library/person/frank-lowe/index.md
francois-bayle,François Bayle,person,person,change,high,sound|space,sound|instruments|space,instruments,,,"Adds Instruments because the record explicitly concerns instrument design, interfaces, controllers, apparatus, or instrumentality.",French composer of acousmatic music and originator of the acousmonium.,content/library/person/francois-bayle/index.md
frederic-rzewski,Frederic Rzewski,person,person,change,high,sound|feedback,sound,,feedback,,"The record does not establish an explicit recursive output-to-input loop. Feedback is removed rather than inferred from cybernetic association, electronic practice, noise, circuitry, or one-way signal translation.","American composer and pianist, co-founder of Musica Elettronica Viva and member of Gruppo di Improvvisazione Nuova Consonanza.",content/library/person/frederic-rzewski/index.md
felix-guattari,Félix Guattari,person,person,retain,high,dynamics|form,dynamics|form,,,,"No change. The current Subjects match the concerns explicitly stated in the title, summary, body, and entry type without relying on incidental association.","French psychoanalyst and philosopher; with Gilles Deleuze, developed schizoanalysis and the concept of the rhizome.",content/library/person/felix-guattari/index.md
genesis-p-orridge,Genesis P-Orridge,person,person,retain,high,sound|perception,sound|perception,,,,"No change. The current Subjects match the concerns explicitly stated in the title, summary, body, and entry type without relying on incidental association.","British musician and performance artist (b. Neil Andrew Megson), founder of COUM Transmissions, Throbbing Gristle, and Psychic TV.",content/library/person/genesis-p-orridge/index.md
georg-cantor,Georg Cantor,person,person,retain,high,number|form,number|form,,,,"No change. The current Subjects match the concerns explicitly stated in the title, summary, body, and entry type without relying on incidental association.",German mathematician who founded set theory and the study of transfinite numbers and the infinite.,content/library/person/georg-cantor/index.md
george-lewis,George Lewis,person,person,change,medium,sound|computation|feedback,computation|perception|sound|feedback,perception,,,"Adds Perception because the record explicitly concerns sensation, listening, cognition, observation, or interpretation.","American trombonist, composer, and computer-music pioneer; AACM member and creator of the interactive improvisation software Voyager.",content/library/person/george-lewis/index.md
george-orwell,George Orwell,person,person,retain,high,language|memory,language|memory,,,,"No change. The current Subjects match the concerns explicitly stated in the title, summary, body, and entry type without relying on incidental association.",English writer; Nineteen Eighty-Four's Newspeak made language control and the rewriting of memory a working political mechanism.,content/library/person/george-orwell/index.md
georges-bataille,Georges Bataille,person,person,retain,high,dynamics,dynamics,,,,"No change. The current Subjects match the concerns explicitly stated in the title, summary, body, and entry type without relying on incidental association.","French philosopher and librarian; general economy, excess, and expenditure as the necessary discharge of a system's surplus.",content/library/person/georges-bataille/index.md
gilbert-rouget,Gilbert Rouget,person,person,retain,high,sound|perception,sound|perception,,,,"No change. The current Subjects match the concerns explicitly stated in the title, summary, body, and entry type without relying on incidental association.",French ethnomusicologist; longtime head of the Musée de l'Homme's ethnomusicology department and author of Music and Trance.,content/library/person/gilbert-rouget/index.md
gilles-deleuze,Gilles Deleuze,person,person,retain,high,dynamics|form|language,dynamics|form|language,,,,"No change. The current Subjects match the concerns explicitly stated in the title, summary, body, and entry type without relying on incidental association.","French philosopher of difference, multiplicity, and becoming.",content/library/person/gilles-deleuze/index.md
gordon-mumma,Gordon Mumma,person,person,change,medium,sound|feedback,sound|instruments,instruments,feedback,,"The record does not establish an explicit recursive output-to-input loop. Feedback is removed rather than inferred from cybernetic association, electronic practice, noise, circuitry, or one-way signal translation.","American composer and horn player, co-founder of the Sonic Arts Union.",content/library/person/gordon-mumma/index.md
gordon-pask,Gordon Pask,person,person,change,medium,cybernetics|feedback,cybernetics|perception|feedback|language,perception|language,,,"Adds Perception, Language because the record explicitly concerns sensation, listening, cognition, observation, or interpretation; signs, symbols, notation, semantics, grammar, codes, or communication systems.","British cybernetician known for conversation theory and adaptive, interactive machines.",content/library/person/gordon-pask/index.md
gx-jupitter-larsen,GX Jupitter-Larsen,person,person,change,medium,sound|feedback,number|sound|language,number|language,feedback,,"The record does not establish an explicit recursive output-to-input loop. Feedback is removed rather than inferred from cybernetic association, electronic practice, noise, circuitry, or one-way signal translation.","American noise and destruction-art figure; leads The Haters, treats entropy and decay as compositional material.",content/library/person/gx-jupitter-larsen/index.md
gunter-muller,Günter Müller,person,person,retain,high,sound|instruments,sound|instruments,,,,"No change. The current Subjects match the concerns explicitly stated in the title, summary, body, and entry type without relying on incidental association.","Swiss percussionist and electronic musician, founder of the For4Ears label.",content/library/person/gunter-muller/index.md
han-bennink,Han Bennink,person,person,retain,high,sound|instruments,sound|instruments,,,,"No change. The current Subjects match the concerns explicitly stated in the title, summary, body, and entry type without relying on incidental association.","Dutch percussionist; co-founder of the Instant Composers Pool, central to both Dutch and British free improvisation.",content/library/person/han-bennink/index.md
hans-jenny,Hans Jenny,person,person,retain,high,sound|form|morphogenesis,sound|form|morphogenesis,,,,"No change. The current Subjects match the concerns explicitly stated in the title, summary, body, and entry type without relying on incidental association.","Swiss physician and researcher who coined cymatics, the study of visible sound and vibration.",content/library/person/hans-jenny/index.md
hans-joachim-roedelius,Hans-Joachim Roedelius,person,person,retain,high,sound,sound,,,,"No change. The current Subjects match the concerns explicitly stated in the title, summary, body, and entry type without relying on incidental association.","German electronic musician, co-founder of the Zodiak Free Arts Lab, Kluster, Cluster, and Harmonia.",content/library/person/hans-joachim-roedelius/index.md
harry-partch,Harry Partch,person,person,retain,high,tuning|number|instruments,tuning|number|instruments,,,,"No change. The current Subjects match the concerns explicitly stated in the title, summary, body, and entry type without relying on incidental association.",American composer and instrument builder; the central figure in the 20th-century revival of just intonation.,content/library/person/harry-partch/index.md
heinz-von-foerster,Heinz von Foerster,person,person,change,medium,cybernetics|feedback|perception,cybernetics|computation|perception,computation,feedback,,"The record does not establish an explicit recursive output-to-input loop. Feedback is removed rather than inferred from cybernetic association, electronic practice, noise, circuitry, or one-way signal translation.",Austrian-American physicist and cybernetician; founder of second-order cybernetics and the Biological Computer Laboratory.,content/library/person/heinz-von-foerster/index.md
herbert-brun,Herbert Brün,person,person,retain,high,computation|sound|cybernetics,computation|sound|cybernetics,,,,"No change. The current Subjects match the concerns explicitly stated in the title, summary, body, and entry type without relying on incidental association.","Cybernetician, composer and visual artist.",content/library/person/herbert-brun/index.md
herbie-hancock,Herbie Hancock,person,person,retain,high,sound|computation|instruments,sound|computation|instruments,,,,"No change. The current Subjects match the concerns explicitly stated in the title, summary, body, and entry type without relying on incidental association.","American jazz musician who brought Moog modular synthesis into jazz with his Mwandishi sextet, and later fused electronic production with hip-hop on Future Shock.",content/library/person/herbie-hancock/index.md
hermann-von-helmholtz,Hermann von Helmholtz,person,person,retain,high,sound|perception|tuning,sound|perception|tuning,,,,"No change. The current Subjects match the concerns explicitly stated in the title, summary, body, and entry type without relying on incidental association.",German physicist and physician; founder of modern acoustics and the physiological study of tone perception.,content/library/person/hermann-von-helmholtz/index.md
hildegard-westerkamp,Hildegard Westerkamp,person,person,retain,high,sound|perception|space,sound|perception|space,,,,"No change. The current Subjects match the concerns explicitly stated in the title, summary, body, and entry type without relying on incidental association.","German-Canadian composer, World Soundscape Project member, and co-founder of the World Forum for Acoustic Ecology.",content/library/person/hildegard-westerkamp/index.md
hiroshi-yoshimura,Hiroshi Yoshimura,person,person,retain,high,sound|space|perception,sound|space|perception,,,,"No change. The current Subjects match the concerns explicitly stated in the title, summary, body, and entry type without relying on incidental association.","Japanese composer central to kankyo ongaku (environmental music), pairing sound with everyday space and pace.",content/library/person/hiroshi-yoshimura/index.md
hugh-davies,Hugh Davies,person,person,retain,high,sound|instruments,sound|instruments,,,,"No change. The current Subjects match the concerns explicitly stated in the title, summary, body, and entry type without relying on incidental association.","British experimental musician and instrument builder, Stockhausen's personal assistant in Cologne before founding Goldsmiths' Electronic Music Studios.",content/library/person/hugh-davies/index.md
humberto-maturana,Humberto Maturana,person,person,change,medium,cybernetics|perception|feedback,morphogenesis|cybernetics|perception,morphogenesis,feedback,,"The record does not establish an explicit recursive output-to-input loop. Feedback is removed rather than inferred from cybernetic association, electronic practice, noise, circuitry, or one-way signal translation.","Chilean biologist; co-originator, with Francisco Varela, of the concept of autopoiesis.",content/library/person/humberto-maturana/index.md
iannis-xenakis,Iannis Xenakis,person,person,change,review,number|form|sound,number|form|computation|sound|space,computation|space,,,"Adds Computation, Space because the record explicitly concerns algorithms, programming, formal processing, or machine computation; spatial organization, geometry, environments, distribution, or spatialization.","Composer and architect utilizing game theory, stochastic processes, set theory",content/library/person/iannis-xenakis/index.md
ikutaro-kakehashi,Ikutaro Kakehashi,person,person,change,high,instruments,instruments|language,language,,,"Adds Language because the record explicitly concerns signs, symbols, notation, semantics, grammar, codes, or communication systems.","Japanese engineer, founder of Roland Corporation, co-developer of the MIDI specification.",content/library/person/ikutaro-kakehashi/index.md
j-allan-hobson,J. Allan Hobson,person,person,change,medium,perception|memory,time|perception,time,memory,,"Adds Time because the record explicitly concerns temporal structure, duration, rhythm, sequence, or recurrence. Removes Memory because the entry does not treat storage, recording, retention, recall, or past state affecting future behavior as a substantial concern; the assignment appears incidental, inherited, or type-driven.",American psychiatrist and sleep researcher who developed the activation-synthesis model of dreaming.,content/library/person/j-allan-hobson/index.md
jaap-vink,Jaap Vink,person,person,retain,high,sound|feedback,sound|feedback,,,,"No change. The current Subjects match the concerns explicitly stated in the title, summary, body, and entry type without relying on incidental association.",Dutch composer and Institute of Sonology teacher known for feedback-based electronic music.,content/library/person/jaap-vink/index.md
jacob-klein,Jacob Klein,person,person,retain,high,number|form,number|form,,,,"No change. The current Subjects match the concerns explicitly stated in the title, summary, body, and entry type without relying on incidental association.","Russian-American philosopher; phenomenology, the history of mathematics, and the concept-formation behind Greek and modern algebra.",content/library/person/jacob-klein/index.md
james-mccartney,James McCartney,person,person,change,high,computation|sound,computation|sound|language,language,,,"Adds Language because the record explicitly concerns signs, symbols, notation, semantics, grammar, codes, or communication systems.","American programmer, creator of the SuperCollider audio synthesis language.",content/library/person/james-mccartney/index.md
james-tenney,James Tenney,person,person,retain,high,perception|form|sound|tuning,perception|form|sound|tuning,,,,"No change. The current Subjects match the concerns explicitly stated in the title, summary, body, and entry type without relying on incidental association.","American composer and theorist; work on Gestalt perception of musical form, just intonation, and computer music.",content/library/person/james-tenney/index.md
jean-schwarz,Jean Schwarz,person,person,retain,high,sound|space,sound|space,,,,"No change. The current Subjects match the concerns explicitly stated in the title, summary, body, and entry type without relying on incidental association.",French composer of electroacoustic music associated with the GRM.,content/library/person/jean-schwarz/index.md
jean-claude-eloy,Jean-Claude Éloy,person,person,retain,high,sound|time,sound|time,,,,"No change. The current Subjects match the concerns explicitly stated in the title, summary, body, and entry type without relying on incidental association.",French electroacoustic composer.,content/library/person/jean-claude-eloy/index.md
jeph-jerman,Jeph Jerman,person,person,change,high,sound,sound|instruments,instruments,,,"Adds Instruments because the record explicitly concerns instrument design, interfaces, controllers, apparatus, or instrumentality.","American sound artist and field recordist working with found natural objects and homemade devices, founder of Big Body Parts.",content/library/person/jeph-jerman/index.md
jim-orourke,Jim O'Rourke,person,person,retain,high,sound|instruments,sound|instruments,,,,"No change. The current Subjects match the concerns explicitly stated in the title, summary, body, and entry type without relying on incidental association.","American composer, guitarist, and producer whose work threads through free improvisation, noise, rock, and electronic music.",content/library/person/jim-orourke/index.md
john-blacet,John Blacet,person,person,retain,high,instruments,instruments,,,,"No change. The current Subjects match the concerns explicitly stated in the title, summary, body, and entry type without relying on incidental association.",American electronic engineer; founder of Blacet Research.,content/library/person/john-blacet/index.md
john-cage,John Cage,person,person,retain,high,time|sound|perception,time|sound|perception,,,,"No change. The current Subjects match the concerns explicitly stated in the title, summary, body, and entry type without relying on incidental association.",American composer.,content/library/person/john-cage/index.md
john-chowning,John Chowning,person,person,change,medium,computation|sound|tuning,computation|sound|space,space,tuning,,"The record concerns electronic sound, sustained tones, or test-tone-like material, but it does not describe a pitch system, temperament, intonation practice, scale, or ratio structure.","American composer, discoverer of FM synthesis, co-founder of CCRMA.",content/library/person/john-chowning/index.md
john-duncan,John Duncan,person,person,retain,high,sound|perception,sound|perception,,,,"No change. The current Subjects match the concerns explicitly stated in the title, summary, body, and entry type without relying on incidental association.","American noise and performance artist, closely associated with LAFMS since the late 1970s.",content/library/person/john-duncan/index.md
john-conway,John Horton Conway,person,person,change,medium,computation|number|form,number|form|morphogenesis|computation,morphogenesis,,,"Adds Morphogenesis because the record explicitly concerns the production, emergence, or transformation of form.",British mathematician; inventor of the Game of Life and the surreal numbers.,content/library/person/john-conway/index.md
john-oswald,John Oswald,person,person,retain,high,sound,sound,,,,"No change. The current Subjects match the concerns explicitly stated in the title, summary, body, and entry type without relying on incidental association.","Canadian composer who coined 'plunderphonics' in 1985, building compositions entirely from recognizable fragments of other people's recordings.",content/library/person/john-oswald/index.md
john-von-neumann,John von Neumann,person,person,change,medium,computation|number|cybernetics,number|morphogenesis|cybernetics|computation,morphogenesis,,,"Adds Morphogenesis because the record explicitly concerns the production, emergence, or transformation of form.","Mathematician; foundational to computing, game theory, and self-reproducing automata.",content/library/person/john-von-neumann/index.md
john-wiese,John Wiese,person,person,retain,high,sound,sound,,,,"No change. The current Subjects match the concerns explicitly stated in the title, summary, body, and entry type without relying on incidental association.","American noise musician, member of Sissy Spacek, founder of the Helicopter label.",content/library/person/john-wiese/index.md
jon-appleton,Jon Appleton,person,person,change,high,sound,sound|instruments,instruments,,,"Adds Instruments because the record explicitly concerns instrument design, interfaces, controllers, apparatus, or instrumentality.",American composer whose need for a better instrument at Dartmouth instigated the development of the Synclavier.,content/library/person/jon-appleton/index.md
jon-hassell,Jon Hassell,person,person,retain,high,sound|perception,sound|perception,,,,"No change. The current Subjects match the concerns explicitly stated in the title, summary, body, and entry type without relying on incidental association.","American trumpeter and composer who developed Fourth World music, fusing electronics with non-Western vocal and instrumental technique.",content/library/person/jon-hassell/index.md
jorge-luis-borges,Jorge Luis Borges,person,person,retain,high,language|time|memory,language|time|memory,,,,"No change. The current Subjects match the concerns explicitly stated in the title, summary, body, and entry type without relying on incidental association.","Argentine writer of labyrinthine short fictions on infinity, time, memory, and language.",content/library/person/jorge-luis-borges/index.md
julian-jaynes,Julian Jaynes,person,person,retain,high,language|perception|memory,language|perception|memory,,,,"No change. The current Subjects match the concerns explicitly stated in the title, summary, body, and entry type without relying on incidental association.","American psychologist; argued consciousness is a recent, language-built construction, not an ancient human universal.",content/library/person/julian-jaynes/index.md
jozef-patkowski,Józef Patkowski,person,person,retain,high,sound,sound,,,,"No change. The current Subjects match the concerns explicitly stated in the title, summary, body, and entry type without relying on incidental association.",Polish musicologist; founder and long-serving director of the Polish Radio Experimental Studio.,content/library/person/jozef-patkowski/index.md
karel-goeyvaerts,Karel Goeyvaerts,person,person,change,medium,sound|number,time|number|form|sound,time|form,,,"Adds Time, Form because the record explicitly concerns temporal structure, duration, rhythm, sequence, or recurrence; structure, pattern, topology, or organization.","Belgian composer, a founder of total serialism who later joined IPEM in Ghent.",content/library/person/karel-goeyvaerts/index.md
karl-niklas,Karl J. Niklas,person,person,retain,high,morphogenesis|form,morphogenesis|form,,,,"No change. The current Subjects match the concerns explicitly stated in the title, summary, body, and entry type without relying on incidental association.","American botanist at Cornell; plant biomechanics, allometry, and the evolution of morphology.",content/library/person/karl-niklas/index.md
karlheinz-stockhausen,Karlheinz Stockhausen,person,person,retain,high,sound|time|form,sound|time|form,,,,"No change. The current Subjects match the concerns explicitly stated in the title, summary, body, and entry type without relying on incidental association.","German composer, director of the WDR electronic music studio from 1963, a central figure of postwar serialism and electronic music.",content/library/person/karlheinz-stockhausen/index.md
kassel-jaeger,Kassel Jaeger,person,person,retain,high,sound,sound,,,,"No change. The current Subjects match the concerns explicitly stated in the title, summary, body, and entry type without relying on incidental association.","François J. Bonnet's recording alias — composer and, since 2018, director of GRM.",content/library/person/kassel-jaeger/index.md
keith-rowe,Keith Rowe,person,person,change,medium,sound|feedback,sound|instruments,instruments,feedback,,"The record does not establish an explicit recursive output-to-input loop. Feedback is removed rather than inferred from cybernetic association, electronic practice, noise, circuitry, or one-way signal translation.","English tabletop guitarist and painter, a founding member of AMM and a central figure of electroacoustic improvisation.",content/library/person/keith-rowe/index.md
kenneth-gaburo,Kenneth Gaburo,person,person,retain,high,sound|language,sound|language,,,,"No change. The current Subjects match the concerns explicitly stated in the title, summary, body, and entry type without relying on incidental association.","American composer; taught at Illinois, UCSD, and Iowa, director of the University of Iowa Electronic Music Studios.",content/library/person/kenneth-gaburo/index.md
kevin-fortune,Kevin Fortune,person,person,retain,high,sound|instruments,sound|instruments,,,,"No change. The current Subjects match the concerns explicitly stated in the title, summary, body, and entry type without relying on incidental association.",American ambient musician and engineer who began prototyping Serge circuits in the mid-1970s and later became chief engineer at Sound Transform Systems.,content/library/person/kevin-fortune/index.md
kim-ryrie,Kim Ryrie,person,person,change,high,instruments,computation|instruments,computation,,,"Adds Computation because the record explicitly concerns algorithms, programming, formal processing, or machine computation.","Australian engineer, co-creator of the Fairlight CMI.",content/library/person/kim-ryrie/index.md
klaus-schulze,Klaus Schulze,person,person,retain,high,sound|time,sound|time,,,,"No change. The current Subjects match the concerns explicitly stated in the title, summary, body, and entry type without relying on incidental association.","German electronic musician, a founding figure of the Berlin School alongside a solo discography of more than 60 albums.",content/library/person/klaus-schulze/index.md
knut-wiggen,Knut Wiggen,person,person,retain,high,computation|sound,computation|sound,,,,"No change. The current Subjects match the concerns explicitly stated in the title, summary, body, and entry type without relying on incidental association.",Norwegian-Swedish composer; director of Elektronmusikstudion (EMS) in Stockholm and creator of the MusicBox composition software.,content/library/person/knut-wiggen/index.md
la-monte-young,La Monte Young,person,person,retain,high,sound|time|tuning,sound|time|tuning,,,,"No change. The current Subjects match the concerns explicitly stated in the title, summary, body, and entry type without relying on incidental association.","American composer, pioneer of minimalism, sustained drone, and just intonation.",content/library/person/la-monte-young/index.md
laurie-spiegel,Laurie Spiegel,person,person,change,medium,sound|time|instruments,time|computation|sound|instruments,computation,,,"Adds Computation because the record explicitly concerns algorithms, programming, formal processing, or machine computation.",American composer and pioneer of computer music and algorithmic composition.,content/library/person/laurie-spiegel/index.md
lejaren-hiller,Lejaren Hiller,person,person,change,medium,computation|sound,number|form|computation|sound,number|form,,,"Adds Number, Form because the record explicitly concerns mathematical quantity, ratio, measurement, or numerical structure; structure, pattern, topology, or organization.","American composer and chemist; pioneer of computer-composed music, founder of the University of Illinois Experimental Music Studios.",content/library/person/lejaren-hiller/index.md
louis-andriessen,Louis Andriessen,person,person,retain,high,sound,sound,,,,"No change. The current Subjects match the concerns explicitly stated in the title, summary, body, and entry type without relying on incidental association.","Dutch composer; co-founder of STEIM, leading figure of The Hague school.",content/library/person/louis-andriessen/index.md
luc-ferrari,Luc Ferrari,person,person,retain,high,sound|time|perception,sound|time|perception,,,,"No change. The current Subjects match the concerns explicitly stated in the title, summary, body, and entry type without relying on incidental association.","French composer, co-founder of the GRM, pioneer of anecdotal music and unedited field recording.",content/library/person/luc-ferrari/index.md
maggi-payne,Maggi Payne,person,person,retain,high,sound|instruments,sound|instruments,,,,"No change. The current Subjects match the concerns explicitly stated in the title, summary, body, and entry type without relying on incidental association.","American composer, flutist, and sound engineer; co-director of the Mills College Center for Contemporary Music, 1992–2018.",content/library/person/maggi-payne/index.md
mal-waldron,Mal Waldron,person,person,retain,high,sound|time,sound|time,,,,"No change. The current Subjects match the concerns explicitly stated in the title, summary, body, and entry type without relying on incidental association.","American jazz pianist and composer, Billie Holiday's regular accompanist and a longtime duo partner of Steve Lacy.",content/library/person/mal-waldron/index.md
marcus-schmickler,Marcus Schmickler,person,person,retain,high,sound|computation|tuning,sound|computation|tuning,,,,"No change. The current Subjects match the concerns explicitly stated in the title, summary, body, and entry type without relying on incidental association.","German composer and producer working across electronic music, sound installation, and electroacoustic improvisation.",content/library/person/marcus-schmickler/index.md
mark-fell,Mark Fell,person,person,change,medium,sound|computation|tuning,time|computation|sound|tuning,time,,,"Adds Time because the record explicitly concerns temporal structure, duration, rhythm, sequence, or recurrence.","British artist and musician working with algorithmic composition, rhythm, and microtonal synthesis.",content/library/person/mark-fell/index.md
markus-popp,Markus Popp,person,person,change,high,sound,computation|sound,computation,,,"Adds Computation because the record explicitly concerns algorithms, programming, formal processing, or machine computation.","German computer musician and glitch-music pioneer, recording as Oval and as half of Microstoria.",content/library/person/markus-popp/index.md
maryanne-amacher,Maryanne Amacher,person,person,retain,high,perception|sound|space,perception|sound|space,,,,"No change. The current Subjects match the concerns explicitly stated in the title, summary, body, and entry type without relying on incidental association.",Composer of structure-borne sound and otoacoustic-emission works; large-scale architectural and perceptual sound.,content/library/person/maryanne-amacher/index.md
masahiko-togashi,Masahiko Togashi,person,person,retain,high,sound|instruments,sound|instruments,,,,"No change. The current Subjects match the concerns explicitly stated in the title, summary, body, and entry type without relying on incidental association.",Japanese free-jazz percussionist and improviser.,content/library/person/masahiko-togashi/index.md
masayuki-takayanagi,Masayuki Takayanagi,person,person,retain,high,sound|instruments,sound|instruments,,,,"No change. The current Subjects match the concerns explicitly stated in the title, summary, body, and entry type without relying on incidental association.",Japanese free-jazz guitarist and pioneer of noise improvisation.,content/library/person/masayuki-takayanagi/index.md
max-mathews,Max Mathews,person,person,change,high,sound|computation,computation|sound|language,language,,,"Adds Language because the record explicitly concerns signs, symbols, notation, semantics, grammar, codes, or communication systems.","American engineer at Bell Labs who wrote MUSIC, the first widely used computer program for generating sound.",content/library/person/max-mathews/index.md
merrill-ellis,Merrill Ellis,person,person,retain,high,sound|instruments,sound|instruments,,,,"No change. The current Subjects match the concerns explicitly stated in the title, summary, body, and entry type without relying on incidental association.",American composer; founded the electronic music program at the University of North Texas in 1962.,content/library/person/merrill-ellis/index.md
michael-allen-z-prime,Michael Allen Z Prime,person,person,change,high,sound|feedback,sound,,feedback,,"The record does not establish an explicit recursive output-to-input loop. Feedback is removed rather than inferred from cybernetic association, electronic practice, noise, circuitry, or one-way signal translation.",Irish/English composer and ecologist; treats unprocessed bioelectrical signals from plants and fungi as sound sources.,content/library/person/michael-allen-z-prime/index.md
michael-hoenig,Michael Hoenig,person,person,retain,high,sound,sound,,,,"No change. The current Subjects match the concerns explicitly stated in the title, summary, body, and entry type without relying on incidental association.","German electronic musician, member of Agitation Free and briefly Tangerine Dream, later a Hollywood film and television composer.",content/library/person/michael-hoenig/index.md
michael-stearns,Michael Stearns,person,person,retain,high,sound|space|time,sound|space|time,,,,"No change. The current Subjects match the concerns explicitly stated in the title, summary, body, and entry type without relying on incidental association.","American ambient/space-music composer and film sound designer, a founding figure of the Californian space music scene.",content/library/person/michael-stearns/index.md
michel-waisvisz,Michel Waisvisz,person,person,retain,high,instruments,instruments,,,,"No change. The current Subjects match the concerns explicitly stated in the title, summary, body, and entry type without relying on incidental association.","Dutch instrument builder and performer; director of STEIM, creator of The Hands.",content/library/person/michel-waisvisz/index.md
mika-vainio,Mika Vainio,person,person,change,high,sound,sound|instruments,instruments,,,"Adds Instruments because the record explicitly concerns instrument design, interfaces, controllers, apparatus, or instrumentality.",Finnish sound artist; co-founder of Pan Sonic.,content/library/person/mika-vainio/index.md
miles-davis,Miles Davis,person,person,retain,high,sound|time,sound|time,,,,"No change. The current Subjects match the concerns explicitly stated in the title, summary, body, and entry type without relying on incidental association.",American trumpeter and bandleader; central to the development of modal jazz and jazz fusion.,content/library/person/miles-davis/index.md
milford-graves,Milford Graves,person,person,change,medium,sound|perception|feedback,time|computation|perception|sound,time|computation,feedback,,"The record does not establish an explicit recursive output-to-input loop. Feedback is removed rather than inferred from cybernetic association, electronic practice, noise, circuitry, or one-way signal translation.","Free-jazz percussionist and researcher into rhythm, the heartbeat, and the body.",content/library/person/milford-graves/index.md
miller-puckette,Miller Puckette,person,person,change,high,computation|sound,computation|sound|language,language,,,"Adds Language because the record explicitly concerns signs, symbols, notation, semantics, grammar, codes, or communication systems.","American computer scientist, creator of Max and Pure Data.",content/library/person/miller-puckette/index.md
misha-mengelberg,Misha Mengelberg,person,person,retain,high,sound,sound,,,,"No change. The current Subjects match the concerns explicitly stated in the title, summary, body, and entry type without relying on incidental association.",Dutch pianist and composer; co-founder of the Instant Composers Pool and STEIM.,content/library/person/misha-mengelberg/index.md
morton-feldman,Morton Feldman,person,person,retain,high,time|sound|form,time|sound|form,,,,"No change. The current Subjects match the concerns explicitly stated in the title, summary, body, and entry type without relying on incidental association.",American composer.,content/library/person/morton-feldman/index.md
morton-subotnick,Morton Subotnick,person,person,change,high,sound,sound|instruments,instruments,,,"Adds Instruments because the record explicitly concerns instrument design, interfaces, controllers, apparatus, or instrumentality.","American composer and Buchla synthesizer pioneer, best known for Silver Apples of the Moon.",content/library/person/morton-subotnick/index.md
nicolas-collins,Nicolas Collins,person,person,change,medium,sound|computation|feedback,computation|sound|instruments,instruments,feedback,,"The record does not establish an explicit recursive output-to-input loop. Feedback is removed rather than inferred from cybernetic association, electronic practice, noise, circuitry, or one-way signal translation.","American composer and sound artist trained by Alvin Lucier, David Behrman, and David Tudor; a pioneer of microcomputers in live performance.",content/library/person/nicolas-collins/index.md
norbert-wiener,Norbert Wiener,person,person,change,high,cybernetics|feedback|computation,cybernetics|feedback,,computation,Information,"The entry describes electronic production or studio work but not algorithms, programming, formal processing, a computational model, or machine computation as a substantial concern.","American mathematician who founded cybernetics, the study of control and communication in animal and machine.",content/library/person/norbert-wiener/index.md
nuno-canavarro,Nuno Canavarro,person,person,retain,high,sound|perception,sound|perception,,,,"No change. The current Subjects match the concerns explicitly stated in the title, summary, body, and entry type without relying on incidental association.","Portuguese musician known for Plux Quba, a singular work of miniature electronic and acoustic sound-collage.",content/library/person/nuno-canavarro/index.md
ornette-coleman,Ornette Coleman,person,person,change,high,sound|form,time|form|sound,time,,,"Adds Time because the record explicitly concerns temporal structure, duration, rhythm, sequence, or recurrence.","American saxophonist and composer, developer of harmolodics and a founding figure of free jazz.",content/library/person/ornette-coleman/index.md
otomo-yoshihide,Otomo Yoshihide,person,person,retain,high,sound,sound,,,,"No change. The current Subjects match the concerns explicitly stated in the title, summary, body, and entry type without relying on incidental association.","Japanese guitarist, turntablist, and composer, leader of Ground Zero and a central figure of Japanese free improvisation.",content/library/person/otomo-yoshihide/index.md
patrick-gleeson,Patrick Gleeson,person,person,retain,high,sound|computation|instruments,sound|computation|instruments,,,,"No change. The current Subjects match the concerns explicitly stated in the title, summary, body, and entry type without relying on incidental association.",American synthesist who brought a Moog modular into Herbie Hancock's Mwandishi band and co-founded Different Fur Recording Studio.,content/library/person/patrick-gleeson/index.md
paul-ryan,Paul Ryan,person,person,change,medium,cybernetics|feedback|perception,cybernetics|perception|language,language,feedback,,"The record does not establish an explicit recursive output-to-input loop. Feedback is removed rather than inferred from cybernetic association, electronic practice, noise, circuitry, or one-way signal translation.",American video artist and cybernetician; a founder of the Raindance media collective and author of Cybernetics of the Sacred.,content/library/person/paul-ryan/index.md
pauline-oliveros,Pauline Oliveros,person,person,retain,high,perception|sound|time,perception|sound|time,,,,"No change. The current Subjects match the concerns explicitly stated in the title, summary, body, and entry type without relying on incidental association.",American composer and improviser.,content/library/person/pauline-oliveros/index.md
pete-namlook,Pete Namlook,person,person,retain,high,sound,sound,,,,"No change. The current Subjects match the concerns explicitly stated in the title, summary, body, and entry type without relying on incidental association.","German ambient musician and founder of the FAX label, prolific across solo work and long-running collaborative series.",content/library/person/pete-namlook/index.md
peter-christopherson,Peter Christopherson,person,person,retain,high,sound|perception,sound|perception,,,,"No change. The current Subjects match the concerns explicitly stated in the title, summary, body, and entry type without relying on incidental association.","British musician and designer known as 'Sleazy' — Hipgnosis album-cover artist, founding member of Throbbing Gristle, and co-founder of Coil.",content/library/person/peter-christopherson/index.md
peter-kolman,Peter Kolman,person,person,retain,high,sound,sound,,,,"No change. The current Subjects match the concerns explicitly stated in the title, summary, body, and entry type without relying on incidental association.",Slovak composer; co-founder and artistic director of the Experimental Studio of Czechoslovak Radio.,content/library/person/peter-kolman/index.md
peter-rehberg,Peter Rehberg,person,person,retain,high,sound,sound,,,,"No change. The current Subjects match the concerns explicitly stated in the title, summary, body, and entry type without relying on incidental association.","British-Austrian musician (as Pita) and label head, joined Mego in 1995 and founded its successor Editions Mego in 2006.",content/library/person/peter-rehberg/index.md
peter-vogel,Peter Vogel,person,person,change,high,instruments,computation|instruments,computation,,,"Adds Computation because the record explicitly concerns algorithms, programming, formal processing, or machine computation.","Australian engineer, co-creator of the Fairlight CMI.",content/library/person/peter-vogel/index.md
peter-zinovieff,Peter Zinovieff,person,person,change,high,instruments,computation|instruments,computation,,,"Adds Computation because the record explicitly concerns algorithms, programming, formal processing, or machine computation.","British engineer, co-founder of Electronic Music Studios (EMS).",content/library/person/peter-zinovieff/index.md
pharoah-sanders,Pharoah Sanders,person,person,retain,high,sound|time,sound|time,,,,"No change. The current Subjects match the concerns explicitly stated in the title, summary, body, and entry type without relying on incidental association.","American tenor saxophonist known for overblown, multiphonic playing and spiritual jazz, closely associated with John Coltrane's late work.",content/library/person/pharoah-sanders/index.md
pierre-schaeffer,Pierre Schaeffer,person,person,retain,high,sound|perception,perception|sound,,,,"No change. The current Subjects match the concerns explicitly stated in the title, summary, body, and entry type without relying on incidental association.",French composer and engineer who founded musique concrète and the GRM.,content/library/person/pierre-schaeffer/index.md
r-murray-schafer,R. Murray Schafer,person,person,retain,high,sound|perception|space,sound|perception|space,,,,"No change. The current Subjects match the concerns explicitly stated in the title, summary, body, and entry type without relying on incidental association.",Canadian composer who founded the World Soundscape Project and the field of acoustic ecology.,content/library/person/r-murray-schafer/index.md
rashied-ali,Rashied Ali,person,person,retain,high,sound|time,sound|time,,,,"No change. The current Subjects match the concerns explicitly stated in the title, summary, body, and entry type without relying on incidental association.","American drummer; a progenitor of free jazz drumming, John Coltrane's late-period drummer.",content/library/person/rashied-ali/index.md
ray-kurzweil,Ray Kurzweil,person,person,change,high,computation|sound,computation|sound|instruments,instruments,,,"Adds Instruments because the record explicitly concerns instrument design, interfaces, controllers, apparatus, or instrumentality.","American inventor of the first print-to-speech reading machine, who went on to found Kurzweil Music Systems with Stevie Wonder.",content/library/person/ray-kurzweil/index.md
raymond-scott,Raymond Scott,person,person,change,medium,sound,time|computation|sound|instruments,time|computation|instruments,,,"Adds Time, Computation, Instruments because the record explicitly concerns temporal structure, duration, rhythm, sequence, or recurrence; algorithms, programming, formal processing, or machine computation; instrument design, interfaces, controllers, apparatus, or instrumentality.",American composer and inventor who built early machines for automatic music composition.,content/library/person/raymond-scott/index.md
rex-probe,Rex Probe,person,person,retain,high,instruments,instruments,,,,"No change. The current Subjects match the concerns explicitly stated in the title, summary, body, and entry type without relying on incidental association.","One of the CalArts students who built the first Serge systems with Serge Tcherepnin, and later founder of Sound Transform Systems.",content/library/person/rex-probe/index.md
richard-chartier,Richard Chartier,person,person,retain,high,sound|perception,sound|perception,,,,"No change. The current Subjects match the concerns explicitly stated in the title, summary, body, and entry type without relying on incidental association.",American sound artist; founder of the Line label.,content/library/person/richard-chartier/index.md
richard-factor,Richard Factor,person,person,change,high,instruments,computation|instruments,computation,,,"Adds Computation because the record explicitly concerns algorithms, programming, formal processing, or machine computation.","American engineer, co-founder of Eventide.",content/library/person/richard-factor/index.md
richard-pinhas,Richard Pinhas,person,person,retain,high,sound|cybernetics,sound|cybernetics,,,,"No change. The current Subjects match the concerns explicitly stated in the title, summary, body, and entry type without relying on incidental association.","French guitarist and electronic musician, founder of Heldon, working at the intersection of rock and cybernetic theory.",content/library/person/richard-pinhas/index.md
richard-teitelbaum,Richard Teitelbaum,person,person,change,medium,sound|feedback|instruments,perception|sound|instruments|feedback,perception,,,"Adds Perception because the record explicitly concerns sensation, listening, cognition, observation, or interpretation.","American composer and synthesizer pioneer, co-founder of Musica Elettronica Viva.",content/library/person/richard-teitelbaum/index.md
robert-ashley,Robert Ashley,person,person,retain,high,sound|language|time,sound|language|time,,,,"No change. The current Subjects match the concerns explicitly stated in the title, summary, body, and entry type without relying on incidental association.",American composer of television operas and pioneer of speech-based electronic music.,content/library/person/robert-ashley/index.md
robert-moog,Robert Moog,person,person,retain,high,instruments,instruments,,,,"No change. The current Subjects match the concerns explicitly stated in the title, summary, body, and entry type without relying on incidental association.","American engineer, inventor of the Moog synthesizer.",content/library/person/robert-moog/index.md
roger-linn,Roger Linn,person,person,retain,high,computation|sound|memory|instruments,computation|sound|memory|instruments,,,,"No change. The current Subjects match the concerns explicitly stated in the title, summary, body, and entry type without relying on incidental association.","American instrument designer who built the first sample-based drum machine, the Linn LM-1, and later designed the Akai MPC60.",content/library/person/roger-linn/index.md
roland-kayn,Roland Kayn,person,person,change,medium,cybernetics|sound,morphogenesis|dynamics|cybernetics|sound,morphogenesis|dynamics,,,"Adds Morphogenesis, Dynamics because the record explicitly concerns the production, emergence, or transformation of form; state change, oscillation, stability, or evolving systems.",Composer who utilized cybernetic frameworks.,content/library/person/roland-kayn/index.md
ron-kuivila,Ron Kuivila,person,person,change,medium,sound|feedback|computation,sound,,feedback|computation,,"The record does not establish an explicit recursive output-to-input loop. Feedback is removed rather than inferred from cybernetic association, electronic practice, noise, circuitry, or one-way signal translation.","American composer working in live electronics, a student of Alvin Lucier at Wesleyan University.",content/library/person/ron-kuivila/index.md
ronald-shannon-jackson,Ronald Shannon Jackson,person,person,retain,high,sound|time,sound|time,,,,"No change. The current Subjects match the concerns explicitly stated in the title, summary, body, and entry type without relying on incidental association.","American drummer who passed through Albert Ayler's, Ornette Coleman's, and Cecil Taylor's bands before co-founding Last Exit.",content/library/person/ronald-shannon-jackson/index.md
ryoji-ikeda,Ryoji Ikeda,person,person,change,medium,number|sound|perception,number|computation|perception|sound,computation,,,"Adds Computation because the record explicitly concerns algorithms, programming, formal processing, or machine computation.","Japanese artist working with sine tones, data, and mathematics as sound and image.",content/library/person/ryoji-ikeda/index.md
sachiko-m,Sachiko M,person,person,change,medium,sound|tuning,sound|instruments,instruments,tuning,,"The record concerns electronic sound, sustained tones, or test-tone-like material, but it does not describe a pitch system, temperament, intonation practice, scale, or ratio structure.","Japanese musician who plays only a sampler's internal test tones, a central figure of Tokyo's onkyo scene.",content/library/person/sachiko-m/index.md
satoshi-ashikawa,Satoshi Ashikawa,person,person,retain,high,sound|space|perception,sound|space|perception,,,,"No change. The current Subjects match the concerns explicitly stated in the title, summary, body, and entry type without relying on incidental association.","Japanese composer and co-founder of Sound Process, a key voice in kankyo ongaku (environmental music).",content/library/person/satoshi-ashikawa/index.md
serge-tcherepnin,Serge Tcherepnin,person,person,retain,high,instruments|sound,instruments|sound,,,,"No change. The current Subjects match the concerns explicitly stated in the title, summary, body, and entry type without relying on incidental association.",Composer and designer of the Serge modular synthesizer.,content/library/person/serge-tcherepnin/index.md
sonny-sharrock,Sonny Sharrock,person,person,retain,high,sound|instruments,sound|instruments,,,,"No change. The current Subjects match the concerns explicitly stated in the title, summary, body, and entry type without relying on incidental association.","American guitarist who brought free jazz's harmonic freedom to the electric guitar, without recourse to distortion as a crutch.",content/library/person/sonny-sharrock/index.md
stafford-beer,Stafford Beer,person,person,change,high,cybernetics|feedback,form|cybernetics|feedback,form,,,"Adds Form because the record explicitly concerns structure, pattern, topology, or organization.",British theorist who founded management cybernetics and designed Chile's Project Cybersyn.,content/library/person/stafford-beer/index.md
stanislaw-lem,Stanisław Lem,person,person,change,high,computation|language,cybernetics|computation|language,cybernetics,,,"Adds Cybernetics because the record explicitly concerns control, regulation, communication, adaptation, or observer–system relations.",Polish writer and philosopher of technology; science fiction as a vehicle for cybernetic and epistemological speculation.,content/library/person/stanislaw-lem/index.md
stephen-wolfram,Stephen Wolfram,person,person,change,medium,computation|dynamics|form,form|morphogenesis|dynamics|computation,morphogenesis,,,"Adds Morphogenesis because the record explicitly concerns the production, emergence, or transformation of form.",British-American scientist known for cellular automata and a computational view of nature.,content/library/person/stephen-wolfram/index.md
steve-lacy,Steve Lacy,person,person,change,high,sound|feedback,sound,,feedback,,"The record does not establish an explicit recursive output-to-input loop. Feedback is removed rather than inferred from cybernetic association, electronic practice, noise, circuitry, or one-way signal translation.","American soprano saxophonist who brought the instrument back into modern jazz, and a performer with Musica Elettronica Viva.",content/library/person/steve-lacy/index.md
steve-reid,Steve Reid,person,person,retain,high,sound|instruments,sound|instruments,,,,"No change. The current Subjects match the concerns explicitly stated in the title, summary, body, and entry type without relying on incidental association.",American jazz drummer and bandleader.,content/library/person/steve-reid/index.md
steve-roach,Steve Roach,person,person,change,high,time|sound,time|sound|space,space,,,"Adds Space because the record explicitly concerns spatial organization, geometry, environments, distribution, or spatialization.",American ambient/electronic composer known for slow-evolving synthesizer drone and desert-inspired soundscapes.,content/library/person/steve-roach/index.md
steve-roden,Steve Roden,person,person,retain,high,sound|perception,sound|perception,,,,"No change. The current Subjects match the concerns explicitly stated in the title, summary, body, and entry type without relying on incidental association.","American artist and musician who coined ""lowercase"" sound, working with quiet, found, and object-based sources.",content/library/person/steve-roden/index.md
stevie-wonder,Stevie Wonder,person,person,retain,high,sound|computation|instruments,sound|computation|instruments,,,,"No change. The current Subjects match the concerns explicitly stated in the title, summary, body, and entry type without relying on incidental association.","American musician whose 'classic period' albums pioneered TONTO's layered synthesizer textures, and who later co-founded Kurzweil Music Systems.",content/library/person/stevie-wonder/index.md
sun-ra,Sun Ra,person,person,retain,high,sound|instruments,sound|instruments,,,,"No change. The current Subjects match the concerns explicitly stated in the title, summary, body, and entry type without relying on incidental association.","American jazz composer and bandleader, an early adopter of electronic keyboards and synthesizers and a pioneer of Afrofuturism.",content/library/person/sun-ra/index.md
susumu-yokota,Susumu Yokota,person,person,retain,high,sound|perception,sound|perception,,,,"No change. The current Subjects match the concerns explicitly stated in the title, summary, body, and entry type without relying on incidental association.","Japanese electronic musician moving fluidly between techno, ambient, and sample-based composition.",content/library/person/susumu-yokota/index.md
suzanne-ciani,Suzanne Ciani,person,person,retain,high,instruments|sound,instruments|sound,,,,"No change. The current Subjects match the concerns explicitly stated in the title, summary, body, and entry type without relying on incidental association.","American composer and Buchla synthesist, and a pioneering sound designer for corporate and commercial media.",content/library/person/suzanne-ciani/index.md
sydney-alonso,Sydney Alonso,person,person,retain,high,instruments,instruments,,,,"No change. The current Subjects match the concerns explicitly stated in the title, summary, body, and entry type without relying on incidental association.","American engineer, co-creator of the Synclavier at Dartmouth College.",content/library/person/sydney-alonso/index.md
terry-riley,Terry Riley,person,person,retain,high,sound|time|tuning,sound|time|tuning,,,,"No change. The current Subjects match the concerns explicitly stated in the title, summary, body, and entry type without relying on incidental association.","American composer central to minimalism, tape delay, and just-intonation improvisation.",content/library/person/terry-riley/index.md
tetsu-inoue,Tetsu Inoue,person,person,retain,high,sound|perception,sound|perception,,,,"No change. The current Subjects match the concerns explicitly stated in the title, summary, body, and entry type without relying on incidental association.","Japanese ambient musician known for dense, textural electronic soundscapes, including collaborations on FAX.",content/library/person/tetsu-inoue/index.md
thomas-ankersmit,Thomas Ankersmit,person,person,change,medium,sound|perception|feedback,perception|sound|instruments|feedback,instruments,,,"Adds Instruments because the record explicitly concerns instrument design, interfaces, controllers, apparatus, or instrumentality.","Dutch sound artist working primarily on the Serge modular synthesizer, exploring psychoacoustic phenomena through deliberate misuse of equipment.",content/library/person/thomas-ankersmit/index.md
thomas-lehn,Thomas Lehn,person,person,change,high,sound|instruments|feedback,sound|instruments,,feedback,,"The record does not establish an explicit recursive output-to-input loop. Feedback is removed rather than inferred from cybernetic association, electronic practice, noise, circuitry, or one-way signal translation.",German analog synthesist known for improvised performance on the EMS Synthi A.,content/library/person/thomas-lehn/index.md
thorkell-sigurbjornsson,Thorkell Sigurbjörnsson,person,person,retain,high,sound,sound,,,,"No change. The current Subjects match the concerns explicitly stated in the title, summary, body, and entry type without relying on incidental association.",Prolific Icelandic composer who studied under Lejaren Hiller and Kenneth Gaburo at the University of Illinois.,content/library/person/thorkell-sigurbjornsson/index.md
tod-dockstader,Tod Dockstader,person,person,retain,high,sound,sound,,,,"No change. The current Subjects match the concerns explicitly stated in the title, summary, body, and entry type without relying on incidental association.","American self-taught composer of musique concrète, working outside the institutional studios of his European peers.",content/library/person/tod-dockstader/index.md
tom-oberheim,Tom Oberheim,person,person,retain,high,instruments,instruments,,,,"No change. The current Subjects match the concerns explicitly stated in the title, summary, body, and entry type without relying on incidental association.","American instrument designer, founder of Oberheim Electronics.",content/library/person/tom-oberheim/index.md
tony-conrad,Tony Conrad,person,person,retain,high,sound|time|tuning,sound|time|tuning,,,,"No change. The current Subjects match the concerns explicitly stated in the title, summary, body, and entry type without relying on incidental association.","American violinist, filmmaker, and composer, a member of the Theatre of Eternal Music from 1964 to 1966.",content/library/person/tony-conrad/index.md
tony-oxley,Tony Oxley,person,person,retain,high,sound|instruments,sound|instruments,,,,"No change. The current Subjects match the concerns explicitly stated in the title, summary, body, and entry type without relying on incidental association.",English percussionist central to free improvisation; co-founder of Incus Records.,content/library/person/tony-oxley/index.md
toshimaru-nakamura,Toshimaru Nakamura,person,person,change,high,sound|feedback,sound|instruments|feedback,instruments,,,"Adds Instruments because the record explicitly concerns instrument design, interfaces, controllers, apparatus, or instrumentality.","Japanese musician who abandoned guitar in 1998 for the self-invented no-input mixing board, a central figure of the onkyo scene.",content/library/person/toshimaru-nakamura/index.md
valentino-braitenberg,Valentino Braitenberg,person,person,retain,high,cybernetics|perception|computation,cybernetics|perception|computation,,,,"No change. The current Subjects match the concerns explicitly stated in the title, summary, body, and entry type without relying on incidental association.",Italian neuroscientist and cyberneticist; founding director at the Max Planck Institute for Biological Cybernetics.,content/library/person/valentino-braitenberg/index.md
w-ross-ashby,W. Ross Ashby,person,person,change,medium,cybernetics,number|dynamics|cybernetics|feedback,number|dynamics|feedback,,,"Adds Number, Dynamics, Feedback because the record explicitly concerns mathematical quantity, ratio, measurement, or numerical structure; state change, oscillation, stability, or evolving systems; a recursive return of output or effects into subsequent input or behavior.",English psychiatrist and cyberneticist; formulated the Law of Requisite Variety.,content/library/person/w-ross-ashby/index.md
warren-burt,Warren Burt,person,person,retain,high,sound|tuning|computation,computation|sound|tuning,,,,"No change. The current Subjects match the concerns explicitly stated in the title, summary, body, and entry type without relying on incidental association.","American-born, Australia-based composer, a pioneer of microtonality and lo-fi live electronics across five decades.",content/library/person/warren-burt/index.md
wendy-carlos,Wendy Carlos,person,person,change,high,sound|tuning,sound|tuning|instruments,instruments,,,"Adds Instruments because the record explicitly concerns instrument design, interfaces, controllers, apparatus, or instrumentality.","American composer and synthesist, pioneer of the Moog synthesizer in recorded music.",content/library/person/wendy-carlos/index.md
william-s-burroughs,William S. Burroughs,person,person,retain,high,language|sound,language|sound,,,,"No change. The current Subjects match the concerns explicitly stated in the title, summary, body, and entry type without relying on incidental association.","American writer; the cut-up method, tape-recorder experiments, and language as a control system.",content/library/person/william-s-burroughs/index.md
wolfgang-palm,Wolfgang Palm,person,person,change,medium,instruments,computation|sound|instruments|memory,computation|sound|memory,,,"Adds Computation, Sound, Memory because the record explicitly concerns algorithms, programming, formal processing, or machine computation; sonic phenomena, audio material, synthesis, recording, or listening practice; storage, recording, retention, recall, or past state affecting future behavior.","German inventor of wavetable synthesis, founder of PPG.",content/library/person/wolfgang-palm/index.md
eliane-radigue,Éliane Radigue,person,person,retain,high,time|sound|perception,time|sound|perception,,,,"No change. The current Subjects match the concerns explicitly stated in the title, summary, body, and entry type without relying on incidental association.",French composer of slowly evolving electronic and acoustic drone music.,content/library/person/eliane-radigue/index.md
bregman-electronic-music-studio,Bregman Electronic Music Studio,place,place,retain,high,sound,sound,,,,"No change. The current Subjects match the concerns explicitly stated in the title, summary, body, and entry type without relying on incidental association.","Dartmouth College's electronic music studio, directed by Jon Appleton, where the Synclavier was later developed.",content/library/place/bregman-electronic-music-studio/index.md
ems-putney,EMS Putney,place,place,retain,high,sound|computation|instruments,sound|computation|instruments,,,,"No change. The current Subjects match the concerns explicitly stated in the title, summary, body, and entry type without relying on incidental association.","Peter Zinovieff's home studio in Putney, London, founded 1965, running the MUSYS computer music system.",content/library/place/ems-putney/index.md
espace-de-projection,Espace de Projection,place,place,retain,high,sound|space,sound|space,,,,"No change. The current Subjects match the concerns explicitly stated in the title, summary, body, and entry type without relying on incidental association.","IRCAM's variable-acoustic concert hall, designed by Renzo Piano.",content/library/place/espace-de-projection/index.md
grm-studios,GRM Studios,place,place,retain,high,sound,sound,,,,"No change. The current Subjects match the concerns explicitly stated in the title, summary, body, and entry type without relying on incidental association.","The Groupe de Recherches Musicales' production facilities in Paris, including Studio 54.",content/library/place/grm-studios/index.md
ircam-studios,IRCAM Studios,place,place,retain,high,sound|computation,sound|computation,,,,"No change. The current Subjects match the concerns explicitly stated in the title, summary, body, and entry type without relying on incidental association.",IRCAM's production and research studios beneath the Centre Pompidou in Paris.,content/library/place/ircam-studios/index.md
maida-vale-studios,Maida Vale Studios,place,place,retain,high,sound,sound,,,,"No change. The current Subjects match the concerns explicitly stated in the title, summary, body, and entry type without relying on incidental association.","BBC studio complex in London, home to the Radiophonic Workshop from 1958.",content/library/place/maida-vale-studios/index.md
philips-research-laboratories-electronic-music-studio,Philips Research Laboratories Electronic Music Studio,place,place,retain,high,sound,sound,,,,"No change. The current Subjects match the concerns explicitly stated in the title, summary, body, and entry type without relying on incidental association.",Eindhoven facility where Varèse realized Poème électronique for the 1958 Philips Pavilion.,content/library/place/philips-research-laboratories-electronic-music-studio/index.md
prentis-hall,Prentis Hall,place,place,retain,high,sound,sound,,,,"No change. The current Subjects match the concerns explicitly stated in the title, summary, body, and entry type without relying on incidental association.",Columbia University building on 125th Street that housed the Columbia-Princeton Electronic Music Center's studios.,content/library/place/prentis-hall/index.md
studio-54-du-grm,Studio 54 du GRM,place,place,retain,high,sound,sound,,,,"No change. The current Subjects match the concerns explicitly stated in the title, summary, body, and entry type without relying on incidental association.",The GRM's principal mixing and mastering studio in Paris.,content/library/place/studio-54-du-grm/index.md
tower-folly,Tower Folly,place,place,retain,high,sound|space,sound|space,,,,"No change. The current Subjects match the concerns explicitly stated in the title, summary, body, and entry type without relying on incidental association.","Converted oast house in Fairseat, Kent, housing Daphne Oram's independent studio from 1959.",content/library/place/tower-folly/index.md
adrenalinn,AdrenaLinn,system,hardware,change,medium,sound|instruments,time|computation|sound|instruments,time|computation,,,"Adds Time, Computation because the record explicitly concerns temporal structure, duration, rhythm, sequence, or recurrence; algorithms, programming, formal processing, or machine computation.","Digital multi-effects unit combining a drum machine and amp modeler, designed by Roger Linn with Dave Smith and Tom Oberheim.",content/library/system/adrenalinn/index.md
akai-mpc60,Akai MPC60,system,instrument,change,review,sound|instruments|computation,time|computation|sound|instruments|memory,time|memory,,,"Adds Time, Memory because the record explicitly concerns temporal structure, duration, rhythm, sequence, or recurrence; storage, recording, retention, recall, or past state affecting future behavior.","1988 integrated sampler, drum machine, and MIDI sequencer designed by Roger Linn for Akai, foundational to hip-hop production.",content/library/system/akai-mpc60/index.md
ans-synthesizer,ANS synthesizer,system,instrument,change,high,sound|computation,sound|tuning|instruments,tuning|instruments,computation,,"The entry describes electronic production or studio work but not algorithms, programming, formal processing, a computational model, or machine computation as a substantial concern.","A Soviet photoelectronic instrument that generates sound by scratching microtonal tracks directly onto rotating glass discs, read optically.",content/library/system/ans-synthesizer/index.md
arp-2500,ARP 2500,system,instrument,retain,high,instruments,instruments,,,,"No change. The current Subjects match the concerns explicitly stated in the title, summary, body, and entry type without relying on incidental association.","ARP's first synthesizer, introduced in 1970 and notable for its pitch stability.",content/library/system/arp-2500/index.md
arp-2600,ARP 2600,system,instrument,retain,high,instruments,instruments,,,,"No change. The current Subjects match the concerns explicitly stated in the title, summary, body, and entry type without relying on incidental association.","ARP's 1971 semi-modular synthesizer, successor to the 2500.",content/library/system/arp-2600/index.md
bela,Bela,system,hardware,change,high,instruments,computation|instruments,computation,,,"Adds Computation because the record explicitly concerns algorithms, programming, formal processing, or machine computation.","Ultra-low-latency embedded audio and sensor platform, built on the BeagleBone Black.",content/library/system/bela/index.md
bela-gem,Bela Gem,system,hardware,change,high,instruments,computation|instruments,computation,,,"Adds Computation because the record explicitly concerns algorithms, programming, formal processing, or machine computation.","2025 stereo audio/sensor add-on board for the PocketBeagle 2, successor to the original Bela.",content/library/system/bela-gem/index.md
bela-gem-multi,Bela Gem Multi,system,hardware,change,high,instruments,computation|instruments,computation,,,"Adds Computation because the record explicitly concerns algorithms, programming, formal processing, or machine computation.","10-in/10-out variant of Bela Gem, for more complex multichannel audio projects.",content/library/system/bela-gem-multi/index.md
buchla-100,Buchla 100,system,instrument,retain,high,instruments,instruments,,,,"No change. The current Subjects match the concerns explicitly stated in the title, summary, body, and entry type without relying on incidental association.","Don Buchla's modular voltage-controlled synthesizer, commissioned by the San Francisco Tape Music Center in the early 1960s.",content/library/system/buchla-100/index.md
c-language,C,system,language,change,high,computation,computation|language,language,,,"Adds Language because the record explicitly concerns signs, symbols, notation, semantics, grammar, codes, or communication systems.","General-purpose programming language, developed at Bell Labs in the early 1970s.",content/library/system/c-language/index.md
cpp-language,C++,system,language,change,high,computation,computation|language,language,,,"Adds Language because the record explicitly concerns signs, symbols, notation, semantics, grammar, codes, or communication systems.",General-purpose programming language extending C with object-oriented features.,content/library/system/cpp-language/index.md
cmusic,Cmusic,system,language,change,high,computation|sound,computation|sound|language,language,,,"Adds Language because the record explicitly concerns signs, symbols, notation, semantics, grammar, codes, or communication systems.",A MUSIC-N-descended computer music language written in C by F. Richard Moore at UCSD.,content/library/system/cmusic/index.md
csound,Csound,system,software,change,high,computation|sound,computation|sound|language,language,,,"Adds Language because the record explicitly concerns signs, symbols, notation, semantics, grammar, codes, or communication systems.","Barry Vercoe's 1985 sound synthesis programming language, descended from the MUSIC-N lineage.",content/library/system/csound/index.md
dec-pdp-10,DEC PDP-10,system,hardware,retain,high,computation,computation,,,,"No change. The current Subjects match the concerns explicitly stated in the title, summary, body, and entry type without relying on incidental association.","Digital Equipment Corporation mainframe used across early computer music research, including at Stanford's CCRMA.",content/library/system/dec-pdp-10/index.md
din-sync,DIN sync,system,protocol,retain,high,instruments|time,instruments|time,,,,"No change. The current Subjects match the concerns explicitly stated in the title, summary, body, and entry type without relying on incidental association.","A hardware clock and start/stop protocol for synchronizing drum machines and sequencers, carried over a DIN connector.",content/library/system/din-sync/index.md
e-mu-emulator-ii,E-mu Emulator II,system,instrument,change,medium,instruments,computation|sound|instruments|memory,computation|sound|memory,,,"Adds Computation, Sound, Memory because the record explicitly concerns algorithms, programming, formal processing, or machine computation; sonic phenomena, audio material, synthesis, recording, or listening practice; storage, recording, retention, recall, or past state affecting future behavior.",E-mu Systems' 1984 sampling keyboard.,content/library/system/e-mu-emulator-ii/index.md
ems-synthi-100,EMS Synthi 100,system,instrument,retain,high,instruments,instruments,,,,"No change. The current Subjects match the concerns explicitly stated in the title, summary, body, and entry type without relying on incidental association.","EMS's large-format 1971 synthesizer, produced in only 30 units.",content/library/system/ems-synthi-100/index.md
ems-synthi-a,EMS Synthi A,system,instrument,retain,high,instruments,instruments,,,,"No change. The current Subjects match the concerns explicitly stated in the title, summary, body, and entry type without relying on incidental association.","EMS's 1971 portable synthesizer, the VCS3 circuit repackaged into a briefcase — not the large-format Synthi 100.",content/library/system/ems-synthi-a/index.md
ems-synthi-aks,EMS Synthi AKS,system,instrument,retain,high,instruments,instruments,,,,"No change. The current Subjects match the concerns explicitly stated in the title, summary, body, and entry type without relying on incidental association.",Portable EMS synthesizer combining the VCS3 circuit with a built-in sequencer and touch keyboard.,content/library/system/ems-synthi-aks/index.md
ems-vcs3,EMS VCS3,system,instrument,retain,high,instruments,instruments,,,,"No change. The current Subjects match the concerns explicitly stated in the title, summary, body, and entry type without relying on incidental association.","EMS's 1969 portable synthesizer, among the first commercially available.",content/library/system/ems-vcs3/index.md
ensoniq-esq-1,Ensoniq ESQ-1,system,instrument,change,medium,computation|sound|instruments,time|computation|sound|instruments,time,,,"Adds Time because the record explicitly concerns temporal structure, duration, rhythm, sequence, or recurrence.","Ensoniq's 1986 hybrid synthesizer/sequencer — digital wavetable oscillators through analog filters, multitimbral, and affordable.",content/library/system/ensoniq-esq-1/index.md
ensoniq-mirage,Ensoniq Mirage,system,instrument,retain,high,computation|sound|memory|instruments,computation|sound|memory|instruments,,,,"No change. The current Subjects match the concerns explicitly stated in the title, summary, body, and entry type without relying on incidental association.","Ensoniq's 1984 sampling keyboard, priced an order of magnitude below the Fairlight and Emulator, that made digital sampling affordable.",content/library/system/ensoniq-mirage/index.md
eventide-h3000,Eventide H3000,system,hardware,change,high,instruments,computation|sound|instruments,computation|sound,,Signal,"Adds Computation, Sound because the record explicitly concerns algorithms, programming, formal processing, or machine computation; sonic phenomena, audio material, synthesis, recording, or listening practice.","Eventide's digital multi-effects Harmonizer, a later stage in the H910/H949 lineage.",content/library/system/eventide-h3000/index.md
eventide-h910,Eventide H910 Harmonizer,system,hardware,change,high,instruments,computation|sound|instruments,computation|sound,,Signal,"Adds Computation, Sound because the record explicitly concerns algorithms, programming, formal processing, or machine computation; sonic phenomena, audio material, synthesis, recording, or listening practice.","Eventide's 1975 pitch-shifting processor, the first Harmonizer.",content/library/system/eventide-h910/index.md
eventide-h949,Eventide H949 Harmonizer,system,hardware,change,high,instruments,computation|sound|instruments,computation|sound,,Signal,"Adds Computation, Sound because the record explicitly concerns algorithms, programming, formal processing, or machine computation; sonic phenomena, audio material, synthesis, recording, or listening practice.",Eventide's successor to the H910 Harmonizer.,content/library/system/eventide-h949/index.md
eventide-sp2016,Eventide SP2016,system,hardware,change,medium,instruments,computation|sound|instruments|space,computation|sound|space,,,"Adds Computation, Sound, Space because the record explicitly concerns algorithms, programming, formal processing, or machine computation; sonic phenomena, audio material, synthesis, recording, or listening practice; spatial organization, geometry, environments, distribution, or spatialization.","Eventide's 1982 signal processor, the first programmable hardware effects unit.",content/library/system/eventide-sp2016/index.md
fairlight-cmi,Fairlight CMI,system,instrument,change,medium,instruments,computation|sound|instruments|memory,computation|sound|memory,,,"Adds Computation, Sound, Memory because the record explicitly concerns algorithms, programming, formal processing, or machine computation; sonic phenomena, audio material, synthesis, recording, or listening practice; storage, recording, retention, recall, or past state affecting future behavior.","The first polyphonic digital sampling synthesizer, released 1979.",content/library/system/fairlight-cmi/index.md
groove-system,GROOVE,system,software,change,medium,computation|sound,time|computation|sound|instruments,time|instruments,,,"Adds Time, Instruments because the record explicitly concerns temporal structure, duration, rhythm, sequence, or recurrence; instrument design, interfaces, controllers, apparatus, or instrumentality.",Max Mathews's 1970 system for real-time computer control of analog synthesizers.,content/library/system/groove-system/index.md
korg-monopoly,Korg Mono/Poly,system,instrument,retain,high,sound|instruments,sound|instruments,,,,"No change. The current Subjects match the concerns explicitly stated in the title, summary, body, and entry type without relying on incidental association.","Korg's 1981 four-oscillator analog synth, switchable between four-note polyphony and massed-unison mono leads.",content/library/system/korg-monopoly/index.md
korg-ms-20,Korg MS-20,system,instrument,retain,high,sound|instruments,sound|instruments,,,,"No change. The current Subjects match the concerns explicitly stated in the title, summary, body, and entry type without relying on incidental association.","Korg's 1978 patchable monophonic analog synth, known for its aggressive, near-self-oscillating dual filters.",content/library/system/korg-ms-20/index.md
korg-polysix,Korg Polysix,system,instrument,change,high,sound|instruments,sound|instruments|memory,memory,,,"Adds Memory because the record explicitly concerns storage, recording, retention, recall, or past state affecting future behavior.","Korg's 1981 six-voice analog polysynth with built-in chorus and onboard patch memory, priced at a fraction of its rivals.",content/library/system/korg-polysix/index.md
korg-ps-3x00,Korg PS-3100 / PS-3200 / PS-3300,system,instrument,retain,high,sound|instruments,sound|instruments,,,,"No change. The current Subjects match the concerns explicitly stated in the title, summary, body, and entry type without relying on incidental association.","Korg's late-1970s PS series — among the first fully polyphonic analog synthesizers, with independent filter, envelope, and amplifier circuits per key.",content/library/system/korg-ps-3x00/index.md
korg-wavestation,Korg Wavestation,system,instrument,change,medium,computation|sound|instruments,time|computation|sound|instruments,time,,,"Adds Time because the record explicitly concerns temporal structure, duration, rhythm, sequence, or recurrence.",Korg's 1990 digital synth built around Wave Sequencing — stepping and crossfading through a sequence of waveforms to create continuously evolving timbres.,content/library/system/korg-wavestation/index.md
kyma,Kyma,system,software,change,high,computation|sound,computation|sound|language,language,,,"Adds Language because the record explicitly concerns signs, symbols, notation, semantics, grammar, codes, or communication systems.","Sound design language treating every level of a composition, from single timbre to whole piece, as a composable object.",content/library/system/kyma/index.md
lexicon-224,Lexicon 224,system,hardware,change,medium,instruments,computation|sound|instruments|space,computation|sound|space,,,"Adds Computation, Sound, Space because the record explicitly concerns algorithms, programming, formal processing, or machine computation; sonic phenomena, audio material, synthesis, recording, or listening practice; spatial organization, geometry, environments, distribution, or spatialization.","Lexicon's 1978 digital reverberator, among the first commercially viable digital reverbs.",content/library/system/lexicon-224/index.md
lexicon-480l,Lexicon 480L,system,hardware,change,medium,instruments,computation|sound|instruments|space,computation|sound|space,,,"Adds Computation, Sound, Space because the record explicitly concerns algorithms, programming, formal processing, or machine computation; sonic phenomena, audio material, synthesis, recording, or listening practice; spatial organization, geometry, environments, distribution, or spatialization.","Lexicon's 1986 reverb processor, an industry standard for studio reverb.",content/library/system/lexicon-480l/index.md
lexicon-prime-time,Lexicon Prime Time Model 93,system,hardware,change,medium,instruments,time|computation|sound|instruments,time|computation|sound,,Signal,"Adds Time, Computation, Sound because the record explicitly concerns temporal structure, duration, rhythm, sequence, or recurrence; algorithms, programming, formal processing, or machine computation; sonic phenomena, audio material, synthesis, recording, or listening practice.","Lexicon's early digital delay unit, designed explicitly for musical effects.",content/library/system/lexicon-prime-time/index.md
lisp,Lisp,system,language,change,high,computation,computation|language,language,,,"Adds Language because the record explicitly concerns signs, symbols, notation, semantics, grammar, codes, or communication systems.","Family of programming languages built around symbolic expressions, dating to 1958.",content/library/system/lisp/index.md
max-software,Max,system,software,change,high,computation|sound,computation|sound|language,language,,,"Adds Language because the record explicitly concerns signs, symbols, notation, semantics, grammar, codes, or communication systems.","Visual programming language for music and multimedia, created by Miller Puckette at IRCAM.",content/library/system/max-software/index.md
midi,MIDI,system,protocol,change,high,instruments,computation|instruments|language,computation|language,,Information,"Adds Computation, Language because the record explicitly concerns algorithms, programming, formal processing, or machine computation; signs, symbols, notation, semantics, grammar, codes, or communication systems.","Musical Instrument Digital Interface, the 1983 protocol for communication between electronic instruments.",content/library/system/midi/index.md
midi-polyphonic-expression,MIDI Polyphonic Expression (MPE),system,protocol,change,high,instruments,computation|instruments|language,computation|language,,Information,"Adds Computation, Language because the record explicitly concerns algorithms, programming, formal processing, or machine computation; signs, symbols, notation, semantics, grammar, codes, or communication systems.",An extension convention over MIDI enabling independent per-note expressive control.,content/library/system/midi-polyphonic-expression/index.md
minimoog-model-d,Minimoog Model D,system,instrument,retain,high,instruments,instruments,,,,"No change. The current Subjects match the concerns explicitly stated in the title, summary, body, and entry type without relying on incidental association.","Moog Music's 1971 compact synthesizer, the archetype for the electronic keyboard.",content/library/system/minimoog-model-d/index.md
moog-modular-synthesizer,Moog Modular Synthesizer,system,instrument,retain,high,instruments,instruments,,,,"No change. The current Subjects match the concerns explicitly stated in the title, summary, body, and entry type without relying on incidental association.","Robert Moog's original voltage-controlled modular system, distinct from the later compact Minimoog.",content/library/system/moog-modular-synthesizer/index.md
music-v,Music V,system,language,change,high,computation|sound,computation|sound|language,language,,,"Adds Language because the record explicitly concerns signs, symbols, notation, semantics, grammar, codes, or communication systems.","Max Mathews's 1968 computer music language, the most widely disseminated of the MUSIC-N series.",content/library/system/music-v/index.md
nonlinear-labs-c15,Nonlinear Labs C15,system,instrument,change,medium,instruments,computation|sound|instruments|feedback,computation|sound|feedback,,,"Adds Computation, Sound, Feedback because the record explicitly concerns algorithms, programming, formal processing, or machine computation; sonic phenomena, audio material, synthesis, recording, or listening practice; a recursive return of output or effects into subsequent input or behavior.","Nonlinear Labs' 61-key digital synthesizer, built around a feedback-based physical-modeling engine for expressive, automation-free playing.",content/library/system/nonlinear-labs-c15/index.md
oberheim-sem,Oberheim SEM,system,instrument,retain,high,instruments,instruments,,,,"No change. The current Subjects match the concerns explicitly stated in the title, summary, body, and entry type without relying on incidental association.","Oberheim's 1974 Synthesizer Expander Module, its first synthesizer voice.",content/library/system/oberheim-sem/index.md
oberheim-xpander,Oberheim Xpander,system,instrument,retain,high,instruments,instruments,,,,"No change. The current Subjects match the concerns explicitly stated in the title, summary, body, and entry type without relying on incidental association.","Oberheim's extensively programmable rack-mount synthesizer, released 1984.",content/library/system/oberheim-xpander/index.md
open-sound-control,Open Sound Control (OSC),system,protocol,change,high,computation|sound,computation|sound|language,language,,Information,"Adds Language because the record explicitly concerns signs, symbols, notation, semantics, grammar, codes, or communication systems.","A network-based protocol for communication between sound and media applications, developed at CNMAT.",content/library/system/open-sound-control/index.md
openmusic,OpenMusic,system,software,change,high,computation|sound,computation|sound|language,language,,,"Adds Language because the record explicitly concerns signs, symbols, notation, semantics, grammar, codes, or communication systems.","IRCAM's visual, Lisp-based computer-aided composition environment.",content/library/system/openmusic/index.md
pepsi-pavilion-sound-modifier-console,Pepsi Pavilion Sound Modifier Console,system,interface,change,medium,sound|space,time|sound|instruments|space,time|instruments,,Signal,"Adds Time, Instruments because the record explicitly concerns temporal structure, duration, rhythm, sequence, or recurrence; instrument design, interfaces, controllers, apparatus, or instrumentality.","The playable control surface on the Pepsi Pavilion floor, letting an operator route, modulate, and spatially distribute sound live across the dome's 37 speakers.",content/library/system/pepsi-pavilion-sound-modifier-console/index.md
pepsi-pavilion-sound-system,Pepsi Pavilion Sound System,system,system,change,high,sound|space,sound|instruments|space,instruments,,Signal,"Adds Instruments because the record explicitly concerns instrument design, interfaces, controllers, apparatus, or instrumentality.","The Pepsi Pavilion's 37-channel, dome-mounted sound-processing and spatial-distribution system, designed by David Tudor with Gordon Mumma and Fred Waldhauer.",content/library/system/pepsi-pavilion-sound-system/index.md
ppg-wave-2,PPG Wave 2,system,instrument,change,medium,instruments,computation|sound|instruments|memory,computation|sound|memory,,,"Adds Computation, Sound, Memory because the record explicitly concerns algorithms, programming, formal processing, or machine computation; sonic phenomena, audio material, synthesis, recording, or listening practice; storage, recording, retention, recall, or past state affecting future behavior.","PPG's 1981 wavetable synthesizer, combining analog signal paths with digital oscillators.",content/library/system/ppg-wave-2/index.md
ppg-waveterm,PPG Waveterm,system,hardware,change,medium,computation|sound|instruments,computation|sound|instruments|memory,memory,,,"Adds Memory because the record explicitly concerns storage, recording, retention, recall, or past state affecting future behavior.","Wolfgang Palm's 1982 companion computer for the PPG Wave series, for waveform drawing, sampling, and digital editing.",content/library/system/ppg-waveterm/index.md
project-cybersyn,Project Cybersyn,system,system,change,medium,cybernetics|computation,time|cybernetics|computation|feedback,time|feedback,,Information,"Adds Time, Feedback because the record explicitly concerns temporal structure, duration, rhythm, sequence, or recurrence; a recursive return of output or effects into subsequent input or behavior.","Stafford Beer's real-time cybernetic system for managing the Chilean economy, built for Salvador Allende's government, 1971–73.",content/library/system/project-cybersyn/index.md
pure-data,Pure Data,system,software,change,high,computation|sound,computation|sound|language,language,,,"Adds Language because the record explicitly concerns signs, symbols, notation, semantics, grammar, codes, or communication systems.","Open-source visual programming language for music, Miller Puckette's successor to Max.",content/library/system/pure-data/index.md
python-language,Python,system,language,change,high,computation,computation|language,language,,,"Adds Language because the record explicitly concerns signs, symbols, notation, semantics, grammar, codes, or communication systems.","General-purpose programming language, first released 1991.",content/library/system/python-language/index.md
rca-mark-ii-sound-synthesizer,RCA Mark II Sound Synthesizer,system,instrument,change,high,sound|number,computation|sound|instruments,computation|instruments,number,,"The numerical association is incidental or inherited; the record does not substantially concern quantity, ratio, measurement, mathematics, or numerical representation.","The first programmable electronic synthesizer, installed at Columbia-Princeton in 1957-59.",content/library/system/rca-mark-ii-sound-synthesizer/index.md
roland-d50,Roland D-50,system,instrument,change,medium,instruments,computation|sound|instruments|memory,computation|sound|memory,,,"Adds Computation, Sound, Memory because the record explicitly concerns algorithms, programming, formal processing, or machine computation; sonic phenomena, audio material, synthesis, recording, or listening practice; storage, recording, retention, recall, or past state affecting future behavior.","Roland's 1987 digital synthesizer, combining sampled attack transients with synthesized tones.",content/library/system/roland-d50/index.md
roland-jupiter-8,Roland Jupiter-8,system,instrument,retain,high,instruments,instruments,,,,"No change. The current Subjects match the concerns explicitly stated in the title, summary, body, and entry type without relying on incidental association.",Roland's 1981 eight-voice programmable analog synthesizer.,content/library/system/roland-jupiter-8/index.md
roland-system-100,Roland System 100,system,instrument,retain,high,instruments,instruments,,,,"No change. The current Subjects match the concerns explicitly stated in the title, summary, body, and entry type without relying on incidental association.",Roland's 1975 semi-modular synthesizer system.,content/library/system/roland-system-100/index.md
roland-system-100m,Roland System 100M,system,instrument,retain,high,instruments,instruments,,,,"No change. The current Subjects match the concerns explicitly stated in the title, summary, body, and entry type without relying on incidental association.",Roland's fully modular expansion of the System 100 concept.,content/library/system/roland-system-100m/index.md
roland-system-700,Roland System 700,system,instrument,retain,high,instruments,instruments,,,,"No change. The current Subjects match the concerns explicitly stated in the title, summary, body, and entry type without relying on incidental association.","Roland's 1976 professional modular synthesizer, its most expensive instrument.",content/library/system/roland-system-700/index.md
sail-language,SAIL,system,language,change,high,computation,computation|language,language,,,"Adds Language because the record explicitly concerns signs, symbols, notation, semantics, grammar, codes, or communication systems.","Stanford Artificial Intelligence Language, used at CCRMA for computer music programming including Chowning's Stria.",content/library/system/sail-language/index.md
serge-modular-synthesizer,Serge Modular Synthesizer,system,instrument,change,high,instruments,sound|instruments,sound,,,"Adds Sound because the record explicitly concerns sonic phenomena, audio material, synthesis, recording, or listening practice.","Serge Tcherepnin's low-cost, flexible modular synthesizer, developed at CalArts from 1972.",content/library/system/serge-modular-synthesizer/index.md
supercollider,SuperCollider,system,software,change,high,computation|sound,computation|sound|language,language,,,"Adds Language because the record explicitly concerns signs, symbols, notation, semantics, grammar, codes, or communication systems.",Audio synthesis and algorithmic composition language created by James McCartney in 1996.,content/library/system/supercollider/index.md
synclavier-ii,Synclavier II,system,instrument,change,high,instruments,computation|sound|instruments,computation|sound,,,"Adds Computation, Sound because the record explicitly concerns algorithms, programming, formal processing, or machine computation; sonic phenomena, audio material, synthesis, recording, or listening practice.","New England Digital's digital synthesis and sampling system, first shipped 1978.",content/library/system/synclavier-ii/index.md
synclavier-regen,Synclavier Regen,system,instrument,change,medium,instruments,computation|sound|instruments|memory,computation|sound|memory,,,"Adds Computation, Sound, Memory because the record explicitly concerns algorithms, programming, formal processing, or machine computation; sonic phenomena, audio material, synthesis, recording, or listening practice; storage, recording, retention, recall, or past state affecting future behavior.","Synclavier Digital's 2022 desktop synthesizer, an enhanced Synclavier II engine spanning additive, subtractive, FM, and sample-based synthesis.",content/library/system/synclavier-regen/index.md
synton-fenix-i,Synton Fénix,system,instrument,retain,high,instruments,instruments,,,,"No change. The current Subjects match the concerns explicitly stated in the title, summary, body, and entry type without relying on incidental association.","A 1997 analog modular synthesizer, informally 'Fénix I' once its successor arrived — the first product to carry the Synton name after the company's 1989 bankruptcy.",content/library/system/synton-fenix-i/index.md
synton-fenix-ii,Synton Fénix II,system,instrument,retain,high,instruments,instruments,,,,"No change. The current Subjects match the concerns explicitly stated in the title, summary, body, and entry type without relying on incidental association.","An expanded modular synthesizer following the original Fénix, with an accompanying Fénix III sequencer, produced around 2010.",content/library/system/synton-fenix-ii/index.md
synton-syrinx,Synton Syrinx,system,instrument,retain,high,instruments,instruments,,,,"No change. The current Subjects match the concerns explicitly stated in the title, summary, body, and entry type without relying on incidental association.","Synton's 1983 monophonic analog synthesizer with a touch-plate interface, produced in only 75 units.",content/library/system/synton-syrinx/index.md
tonto,TONTO (The Original New Timbral Orchestra),system,instrument,retain,high,sound|instruments,sound|instruments,,,,"No change. The current Subjects match the concerns explicitly stated in the title, summary, body, and entry type without relying on incidental association.","A vast multitimbral analog modular synthesizer built by Malcolm Cecil and Robert Margouleff, best known for shaping Stevie Wonder's classic-period albums.",content/library/system/tonto/index.md
upic,UPIC,system,instrument,change,medium,sound|computation|form,form|computation|sound|language,language,,,"Adds Language because the record explicitly concerns signs, symbols, notation, semantics, grammar, codes, or communication systems.","Xenakis's graphic composition system, translating tablet drawings directly into sound.",content/library/system/upic/index.md
waldorf-microwave-xt,Waldorf Microwave XT,system,instrument,change,medium,instruments,computation|sound|instruments|memory,computation|sound|memory,,,"Adds Computation, Sound, Memory because the record explicitly concerns algorithms, programming, formal processing, or machine computation; sonic phenomena, audio material, synthesis, recording, or listening practice; storage, recording, retention, recall, or past state affecting future behavior.","Waldorf's wavetable synthesizer, reviving the PPG Wave lineage with an extensive knob-per-function interface.",content/library/system/waldorf-microwave-xt/index.md
yamaha-dx1,Yamaha DX1,system,instrument,retain,high,computation|sound|instruments,computation|sound|instruments,,,,"No change. The current Subjects match the concerns explicitly stated in the title, summary, body, and entry type without relying on incidental association.",Yamaha's 1984 FM flagship above the DX7 — a doubled six-operator engine in a handmade rosewood cabinet with polyphonic aftertouch.,content/library/system/yamaha-dx1/index.md
yamaha-dx7,Yamaha DX7,system,instrument,retain,high,computation|sound|instruments,computation|sound|instruments,,,,"No change. The current Subjects match the concerns explicitly stated in the title, summary, body, and entry type without relying on incidental association.",The 1983 FM synthesizer that made digital synthesis commercially dominant and became the best-selling synthesizer of all time.,content/library/system/yamaha-dx7/index.md
nineteen-eighty-four,1984,work,book,retain,high,memory|language,memory|language,,,Information,"No change. The current Subjects match the concerns explicitly stated in the title, summary, body, and entry type without relying on incidental association.",Orwell's dystopia — included for its treatment of language as an instrument of control.,content/library/work/nineteen-eighty-four/index.md
20-jazz-funk-greats,20 Jazz Funk Greats,work,album,retain,high,sound,sound,,,,"No change. The current Subjects match the concerns explicitly stated in the title, summary, body, and entry type without relying on incidental association.","Throbbing Gristle's 1979 album, its cover parodying easy-listening compilations while the music undercuts the joke.",content/library/work/20-jazz-funk-greats/index.md
62-eulengasse,62 Eulengasse,work,album,change,medium,sound|space,sound,,space,,"Space appears to derive from an ambient title, venue name, or stylistic association rather than from spatial organization, an environment, geometry, distribution, or spatialization in the entry.",Self-titled 1995 ambient collaboration between Pete Namlook and Tetsu Inoue.,content/library/work/62-eulengasse/index.md
snd,_snd,work,album,retain,high,sound,sound,,,,"No change. The current Subjects match the concerns explicitly stated in the title, summary, body, and entry type without relying on incidental association.","Microstoria's 1996 album of understated, organic-sounding ambient electronics.",content/library/work/snd/index.md
a-little-noise-in-the-system,A Little Noise in the System,work,composition,change,medium,sound|feedback,sound,,feedback,,"The record does not establish an explicit recursive output-to-input loop. Feedback is removed rather than inferred from cybernetic association, electronic practice, noise, circuitry, or one-way signal translation.","Pauline Oliveros piece documenting her early electronic work at UCSD, 1967-1970.",content/library/work/a-little-noise-in-the-system/index.md
a-selection-of-improvisations,A Selection of Improvisations (1989-2017),work,album,retain,high,sound|instruments,sound|instruments,,,,"No change. The current Subjects match the concerns explicitly stated in the title, summary, body, and entry type without relying on incidental association.",Hans Kulk's revised-edition compilation of nearly three decades of personal analog synthesizer improvisations.,content/library/work/a-selection-of-improvisations/index.md
a-thousand-plateaus,A Thousand Plateaus,work,book,retain,high,dynamics|form,dynamics|form,,,,"No change. The current Subjects match the concerns explicitly stated in the title, summary, body, and entry type without relying on incidental association.","Deleuze and Guattari's 1980 sequel to Anti-Oedipus, organized as non-hierarchical rhizome rather than linear argument.",content/library/work/a-thousand-plateaus/index.md
acrid-acme-of-p16d4,Acrid Acme (of) P16.D4,work,album,retain,high,sound,sound,,,,"No change. The current Subjects match the concerns explicitly stated in the title, summary, body, and entry type without relying on incidental association.","P16.D4's 1989 compilation across four sections of tape composition, concrète improvisation, and a direct Merzbow collaboration.",content/library/work/acrid-acme-of-p16d4/index.md
adnos,Adnos,work,album,retain,high,sound|time|perception,sound|time|perception,,,,"No change. The current Subjects match the concerns explicitly stated in the title, summary, body, and entry type without relying on incidental association.",Éliane Radigue's slowly unfolding drone cycle (Adnos I–III).,content/library/work/adnos/index.md
after-the-heat,After the Heat,work,album,retain,high,sound,sound,,,,"No change. The current Subjects match the concerns explicitly stated in the title, summary, body, and entry type without relying on incidental association.","The 1978 second collaborative album between Brian Eno and Cluster, credited to Eno Moebius Roedelius.",content/library/work/after-the-heat/index.md
ambiant-otaku,Ambiant Otaku,work,album,retain,high,sound|space,sound|space,,,,"No change. The current Subjects match the concerns explicitly stated in the title, summary, body, and entry type without relying on incidental association.",Tetsu Inoue's 1994 ambient album.,content/library/work/ambiant-otaku/index.md
music-for-airports,Ambient 1: Music for Airports,work,album,change,high,sound|space,perception|sound|space,perception,,,"Adds Perception because the record explicitly concerns sensation, listening, cognition, observation, or interpretation.","Brian Eno's 1978 album, the record that formally defined ambient music as sound to accommodate rather than demand attention.",content/library/work/music-for-airports/index.md
on-land,Ambient 4: On Land,work,album,retain,high,sound|space|memory,sound|space|memory,,,,"No change. The current Subjects match the concerns explicitly stated in the title, summary, body, and entry type without relying on incidental association.","Brian Eno's 1982 album of remembered and imagined landscapes, the fourth in his Ambient series.",content/library/work/on-land/index.md
an-approach-to-cybernetics,An Approach to Cybernetics,work,book,retain,high,cybernetics,cybernetics,,,,"No change. The current Subjects match the concerns explicitly stated in the title, summary, body, and entry type without relying on incidental association.",Gordon Pask's early introduction to cybernetics.,content/library/work/an-approach-to-cybernetics/index.md
anti-oedipus,Anti-Oedipus,work,book,retain,high,dynamics|form,dynamics|form,,,,"No change. The current Subjects match the concerns explicitly stated in the title, summary, body, and entry type without relying on incidental association.","Deleuze and Guattari's 1972 attack on psychoanalytic and structuralist accounts of desire, introducing schizoanalysis.",content/library/work/anti-oedipus/index.md
ask-the-ages,Ask the Ages,work,album,change,medium,sound|instruments|time,sound|instruments,,time,,"The record gives a live/recording context or ordinary musical chronology but does not make duration, rhythm, sequence, recurrence, or temporal structure a substantial concern.","Sonny Sharrock's 1991 album with Pharoah Sanders, Charnett Moffett, and Elvin Jones, produced by Bill Laswell.",content/library/work/ask-the-ages/index.md
autobahn,Autobahn,work,album,retain,high,sound|time,sound|time,,,,"No change. The current Subjects match the concerns explicitly stated in the title, summary, body, and entry type without relying on incidental association.","Kraftwerk's 1974 breakthrough album, its title track a US Top 5 hit that established the group's electronic concept-album approach.",content/library/work/autobahn/index.md
automatic-writing,Automatic Writing,work,album,change,medium,sound|time|language,perception|sound|language,perception,time,,"The record gives a live/recording context or ordinary musical chronology but does not make duration, rhythm, sequence, recurrence, or temporal structure a substantial concern.",Robert Ashley's 1979 album exploring involuntary speech and Tourette's syndrome through electronics.,content/library/work/automatic-writing/index.md
bamboo-from-asia-plus,Bamboo From Asia Plus,work,album,retain,high,sound|instruments,sound|instruments,,,,"No change. The current Subjects match the concerns explicitly stated in the title, summary, body, and entry type without relying on incidental association.",Takashi Sekiguchi's album exploring bamboo and Asian wind instruments.,content/library/work/bamboo-from-asia-plus/index.md
bart,Bart,work,album,retain,high,sound|feedback,sound|feedback,,,,"No change. The current Subjects match the concerns explicitly stated in the title, summary, body, and entry type without relying on incidental association.","Thomas Lehn and Marcus Schmickler's 2000 duo album, released on Erstwhile Records.",content/library/work/bart/index.md
beauty-in-the-beast,Beauty in the Beast,work,album,retain,high,sound|tuning,sound|tuning,,,,"No change. The current Subjects match the concerns explicitly stated in the title, summary, body, and entry type without relying on incidental association.",Wendy Carlos's 1986 album exploring alternative tunings and scales built from scratch.,content/library/work/beauty-in-the-beast/index.md
before-and-after-science,Before and After Science,work,album,retain,high,sound,sound,,,,"No change. The current Subjects match the concerns explicitly stated in the title, summary, body, and entry type without relying on incidental association.","Brian Eno's 1977 album, his last vocal record before turning fully to the ambient series, closing with 'Julie with...'.",content/library/work/before-and-after-science/index.md
biofeedback-and-the-arts,Biofeedback and the Arts: Results of Early Experiments,work,book,retain,high,feedback|perception|sound,feedback|perception|sound,,,,"No change. The current Subjects match the concerns explicitly stated in the title, summary, body, and entry type without relying on incidental association.",David Rosenboom's edited collection documenting early experiments in biofeedback and creative practice.,content/library/work/biofeedback-and-the-arts/index.md
bitches-brew,Bitches Brew,work,album,change,medium,sound|time,sound|instruments,instruments,time,,"The record gives a live/recording context or ordinary musical chronology but does not make duration, rhythm, sequence, recurrence, or temporal structure a substantial concern.","Miles Davis's 1970 double album, a foundational fusion of jazz improvisation with electric instruments and studio editing.",content/library/work/bitches-brew/index.md
blue-veils-and-golden-sand,Blue Veils and Golden Sand,work,composition,retain,high,sound,sound,,,,"No change. The current Subjects match the concerns explicitly stated in the title, summary, body, and entry type without relying on incidental association.",Delia Derbyshire's 1967 BBC Radiophonic Workshop piece built from a struck lampshade and re-synthesized voice.,content/library/work/blue-veils-and-golden-sand/index.md
bohor,Bohor,work,composition,change,medium,number|sound,sound,,number,,"The entry only identifies an electroacoustic work by Xenakis. Number appears inherited from the creator rather than supported by the work record, so the proposal retains Sound only.",Electroacoustic work by Iannis Xenakis.,content/library/work/bohor/index.md
brain-of-the-firm,Brain of the Firm,work,book,change,high,cybernetics|feedback,form|cybernetics|feedback,form,,,"Adds Form because the record explicitly concerns structure, pattern, topology, or organization.","Stafford Beer's 1972 book introducing the Viable System Model, mapping organizational structure onto the human nervous system.",content/library/work/brain-of-the-firm/index.md
brainwave-music,Brainwave Music,work,album,retain,high,sound|feedback|perception,sound|feedback|perception,,,Signal,"No change. The current Subjects match the concerns explicitly stated in the title, summary, body, and entry type without relying on incidental association.","David Rosenboom's 1975 biofeedback-driven electronic music, expanded and reissued by Black Truffle in 2019.",content/library/work/brainwave-music/index.md
changez-les-blockeurs,Changez les Blockeurs,work,album,retain,high,sound,sound,,,,"No change. The current Subjects match the concerns explicitly stated in the title, summary, body, and entry type without relying on incidental association.","The New Blockaders' 1982 debut, widely cited as the first true noise record of the modern era.",content/library/work/changez-les-blockeurs/index.md
chicago-slow-dance,Chicago Slow Dance,work,album,change,medium,sound|feedback|computation,sound|instruments,instruments,feedback|computation,,"The record does not establish an explicit recursive output-to-input loop. Feedback is removed rather than inferred from cybernetic association, electronic practice, noise, circuitry, or one-way signal translation.",George Lewis's 1981 album combining trombone and live electronics with Richard Teitelbaum's Moog modular.,content/library/work/chicago-slow-dance/index.md
city-of-light,City of Light,work,album,retain,high,sound,sound,,,,"No change. The current Subjects match the concerns explicitly stated in the title, summary, body, and entry type without relying on incidental association.","Bill Laswell's 1997 album, featuring a 13-minute Coil composition among its collaborators.",content/library/work/city-of-light/index.md
cluster-71,Cluster,work,album,retain,high,sound,sound,,,,"No change. The current Subjects match the concerns explicitly stated in the title, summary, body, and entry type without relying on incidental association.","The 1971 debut album of Cluster (Dieter Moebius and Hans-Joachim Roedelius), informally known as Cluster '71.",content/library/work/cluster-71/index.md
cluster-and-eno,Cluster & Eno,work,album,retain,high,sound,sound,,,,"No change. The current Subjects match the concerns explicitly stated in the title, summary, body, and entry type without relying on incidental association.","The 1977 collaborative album between Cluster and Brian Eno, the first of two the pairing recorded together.",content/library/work/cluster-and-eno/index.md
cluster-ii,Cluster II,work,album,retain,high,sound,sound,,,,"No change. The current Subjects match the concerns explicitly stated in the title, summary, body, and entry type without relying on incidental association.","Cluster's 1972 second album, extending the electronic drone of their debut with tape manipulation and rhythm.",content/library/work/cluster-ii/index.md
computerwelt,Computerwelt,work,album,retain,high,sound|computation,sound|computation,,,Information,"No change. The current Subjects match the concerns explicitly stated in the title, summary, body, and entry type without relying on incidental association.",Kraftwerk's 1981 album on computers and information society.,content/library/work/computerwelt/index.md
con,Con,work,album,retain,high,sound|instruments,sound|instruments,,,,"No change. The current Subjects match the concerns explicitly stated in the title, summary, body, and entry type without relying on incidental association.",Conrad Schnitzler's electronic work of restless synthetic textures.,content/library/work/con/index.md
concret-ph,Concret PH,work,composition,change,medium,number|sound,form|sound|space,form|space,number,,"The numerical association is incidental or inherited; the record does not substantially concern quantity, ratio, measurement, mathematics, or numerical representation.",Electroacoustic music composed by Iannis Xenakis for the Philips Pavilion he designed for Expo 58.,content/library/work/concret-ph/index.md
cosmic-coincidence-control-center,Cosmic Coincidence Control Center,work,album,change,high,sound|feedback,sound,,feedback,,"The record does not establish an explicit recursive output-to-input loop. Feedback is removed rather than inferred from cybernetic association, electronic practice, noise, circuitry, or one-way signal translation.","C.C.C.C.'s 1992 debut album, formed from electronic noise, tonality, and metal percussion.",content/library/work/cosmic-coincidence-control-center/index.md
cosmos-from-diode-ladder-filter,Cosmos From Diode Ladder Filter,work,album,retain,high,sound|instruments,sound|instruments,,,,"No change. The current Subjects match the concerns explicitly stated in the title, summary, body, and entry type without relying on incidental association.",Maso Yamazaki's 2001 all-analog cosmic-electronic album under the Space Machine name.,content/library/work/cosmos-from-diode-ladder-filter/index.md
critical-path,Critical Path,work,book,retain,high,form,form,,,,"No change. The current Subjects match the concerns explicitly stated in the title, summary, body, and entry type without relying on incidental association.","Buckminster Fuller's synthesis of design science, resources, and the trajectory of humanity.",content/library/work/critical-path/index.md
cybernetics-and-management,Cybernetics and Management,work,book,retain,high,cybernetics,cybernetics,,,,"No change. The current Subjects match the concerns explicitly stated in the title, summary, body, and entry type without relying on incidental association.","Stafford Beer's 1959 book founding management cybernetics, the application of cybernetic principles to organizations.",content/library/work/cybernetics-and-management/index.md
cybernetics-of-the-sacred,Cybernetics of the Sacred,work,book,retain,high,cybernetics,cybernetics,,,,"No change. The current Subjects match the concerns explicitly stated in the title, summary, body, and entry type without relying on incidental association.","Paul Ryan's cybernetic account of media, ecology, and the sacred.",content/library/work/cybernetics-of-the-sacred/index.md
cyborg,Cyborg,work,album,change,medium,sound|time,sound|instruments,instruments,time,,"The record gives a live/recording context or ordinary musical chronology but does not make duration, rhythm, sequence, recurrence, or temporal structure a substantial concern.","Klaus Schulze's 1973 second album, adding the EMS VCS3 synthesizer to the approach of Irrlicht.",content/library/work/cyborg/index.md
cymatics,Cymatics,work,film,change,medium,sound|form|morphogenesis,time|form|morphogenesis|sound,time,,,"Adds Time because the record explicitly concerns temporal structure, duration, rhythm, sequence, or recurrence.",Hans Jenny's films making sound visible as form in vibrating matter.,content/library/work/cymatics/index.md
cymatics-wave-phenomena-and-vibration,Cymatics: A Study of Wave Phenomena and Vibration,work,book,change,medium,sound|form|morphogenesis,time|form|morphogenesis|sound,time,,,"Adds Time because the record explicitly concerns temporal structure, duration, rhythm, sequence, or recurrence.","Hans Jenny's study of periodic vibrational phenomena, illustrated with his own experiments in visible sound.",content/library/work/cymatics-wave-phenomena-and-vibration/index.md
dart-drug,Dart Drug,work,album,retain,high,sound,sound,,,,"No change. The current Subjects match the concerns explicitly stated in the title, summary, body, and entry type without relying on incidental association.","1981 duo album by Derek Bailey and Jamie Muir, recorded at Crane Grove, London.",content/library/work/dart-drug/index.md
de-natura-sonorum,De Natura Sonorum,work,album,retain,high,sound|perception,sound|perception,,,,"No change. The current Subjects match the concerns explicitly stated in the title, summary, body, and entry type without relying on incidental association.",Bernard Parmegiani's 1975 cycle of twelve electroacoustic studies on the nature of sound.,content/library/work/de-natura-sonorum/index.md
default-standard,Default Standard,work,album,retain,high,sound|feedback,sound|feedback,,,,"No change. The current Subjects match the concerns explicitly stated in the title, summary, body, and entry type without relying on incidental association.","Incapacitants' 1999 album, five tracks of feedback and electronic manipulation.",content/library/work/default-standard/index.md
deluxe-harmonia,Deluxe,work,album,retain,high,sound,sound,,,,"No change. The current Subjects match the concerns explicitly stated in the title, summary, body, and entry type without relying on incidental association.","Harmonia's 1975 second album, with Guru Guru drummer Mani Neumeier as a guest performer.",content/library/work/deluxe-harmonia/index.md
departure-from-the-northern-wasteland,Departure From the Northern Wasteland,work,album,retain,high,sound|time,sound|time,,,,"No change. The current Subjects match the concerns explicitly stated in the title, summary, body, and entry type without relying on incidental association.","Michael Hoenig's 1978 solo debut, a Berlin School album built from sequenced analog synthesizer patterns.",content/library/work/departure-from-the-northern-wasteland/index.md
descending-moonshine-dervishes,Descending Moonshine Dervishes,work,album,retain,high,sound|time|tuning,sound|time|tuning,,,,"No change. The current Subjects match the concerns explicitly stated in the title, summary, body, and entry type without relying on incidental association.",Terry Riley's 1982 album of just-intonation electric organ improvisation.,content/library/work/descending-moonshine-dervishes/index.md
desert-solitaire,Desert Solitaire,work,album,change,medium,sound|space|time,sound|space,,time,,"The record gives a live/recording context or ordinary musical chronology but does not make duration, rhythm, sequence, recurrence, or temporal structure a substantial concern.","1989 ambient collaboration between Steve Roach, Kevin Braheny, and Michael Stearns, evoking the American desert Southwest.",content/library/work/desert-solitaire/index.md
designing-freedom,Designing Freedom,work,lecture,change,high,cybernetics|dynamics,form|dynamics|cybernetics,form,,,"Adds Form because the record explicitly concerns structure, pattern, topology, or organization.",Beer's CBC Massey Lectures analyze why institutions fail through the lens of cybernetics — and how the science of effective organization could be used to redesign them.,content/library/work/designing-freedom/index.md
diamorphoses,Diamorphoses,work,composition,change,medium,number|sound,sound,,number,,"The entry only identifies an electroacoustic work by Xenakis. Number appears inherited from the creator rather than supported by the work record, so the proposal retains Sound only.",Electroacoustic work by Iannis Xenakis.,content/library/work/diamorphoses/index.md
die-mensch-maschine,Die Mensch-Maschine,work,album,retain,high,sound,sound,,,,"No change. The current Subjects match the concerns explicitly stated in the title, summary, body, and entry type without relying on incidental association.",Kraftwerk's 1978 album on the figure of the human as machine.,content/library/work/die-mensch-maschine/index.md
difference-and-repetition,Difference and Repetition,work,book,retain,high,dynamics|form,dynamics|form,,,,"No change. The current Subjects match the concerns explicitly stated in the title, summary, body, and entry type without relying on incidental association.","Gilles Deleuze's 1968 thesis proposing difference as prior to identity, and repetition as productive rather than reproductive.",content/library/work/difference-and-repetition/index.md
dreamer-lo91,Dreamer,work,album,change,medium,sound|perception,sound,,perception,,"The record presents an album or performance without making sensation, listening, cognition, observation, or perceptual organization a substantial subject.",Susumu Yokota's 2012 album.,content/library/work/dreamer/index.md
dreamstage,Dreamstage,work,installation,change,high,perception|feedback|sound,time|perception|sound,time,feedback,Signal,"The work translates biological signals into sound or light, but the record does not establish a recursive output-to-input loop. Perception and Sound are supported; Feedback is not.",J. Allan Hobson's traveling multimedia exhibit translating a sleeping subject's brain signals into live light and synthesized sound.,content/library/work/dreamstage/index.md
dresden-venezia-megaton,Dresden / Venezia / Megaton,work,album,change,medium,sound|feedback,sound|instruments,instruments,feedback,,"The record does not establish an explicit recursive output-to-input loop. Feedback is removed rather than inferred from cybernetic association, electronic practice, noise, circuitry, or one-way signal translation.",Gordon Mumma's 1979 electroacoustic album on Lovely Music.,content/library/work/dresden-venezia-megaton/index.md
duo-exchange-complete-sessions,Duo Exchange: Complete Sessions,work,album,change,high,sound|time,sound,,time,,"The record gives a live/recording context or ordinary musical chronology but does not make duration, rhythm, sequence, recurrence, or temporal structure a substantial concern.","2020 expanded reissue of Rashied Ali and Frank Lowe's 1972 free-jazz duo sessions, Survival Records' inaugural release.",content/library/work/duo-exchange-complete-sessions/index.md
eclipse-takayanagi,Eclipse,work,album,change,high,sound|feedback,sound,,feedback,,"The record does not establish an explicit recursive output-to-input loop. Feedback is removed rather than inferred from cybernetic association, electronic practice, noise, circuitry, or one-way signal translation.","Masayuki Takayanagi's 1975 album, pairing the pieces Gradually Projection and Mass Projection.",content/library/work/eclipse-takayanagi/index.md
eight-electronic-pieces,Eight Electronic Pieces,work,album,retain,high,sound,sound,,,,"No change. The current Subjects match the concerns explicitly stated in the title, summary, body, and entry type without relying on incidental association.","Tod Dockstader's self-produced 1961 debut, built after-hours at a New York radio station without institutional support.",content/library/work/eight-electronic-pieces/index.md
electric-sound,Electric Sound,work,album,change,high,sound|feedback,sound|instruments,instruments,feedback,,"The record does not establish an explicit recursive output-to-input loop. Feedback is removed rather than inferred from cybernetic association, electronic practice, noise, circuitry, or one-way signal translation.","Sonic Arts Union's 1972 album, one live-electronics piece from each of its four members.",content/library/work/electric-sound/index.md
erda-suite-n,Erda / Suite N,work,album,change,medium,sound|space,sound,,space,,"Space appears to derive from an ambient title, venue name, or stylistic association rather than from spatial organization, an environment, geometry, distribution, or spatialization in the entry.","Jean Schwarz's electroacoustic pieces Erda (1972) and Suite N (1982), reissued together by Recollection GRM.",content/library/work/erda-suite-n/index.md
feedback-of-n-m-s,Feedback of N.M.S.,work,album,retain,high,sound|feedback,sound|feedback,,,,"No change. The current Subjects match the concerns explicitly stated in the title, summary, body, and entry type without relying on incidental association.","Incapacitants' 1991 album, three tracks combining junk metal, modular synthesis, and improvisation.",content/library/work/feedback-of-n-m-s/index.md
feldstaerken,Feldstärken,work,album,change,medium,sound|instruments|feedback,sound|instruments,,feedback,,"The record does not establish an explicit recursive output-to-input loop. Feedback is removed rather than inferred from cybernetic association, electronic practice, noise, circuitry, or one-way signal translation.",Thomas Lehn's 2000 free-improvisation album for analog synthesizer.,content/library/work/feldstaerken/index.md
filament-2-secret-recordings-2,Filament 2: Secret Recordings,work,album,change,high,sound|tuning,sound,,tuning,,"The record concerns electronic sound, sustained tones, or test-tone-like material, but it does not describe a pitch system, temperament, intonation practice, scale, or ratio structure.","1999 trio album by Sachiko M, Günter Müller, and Otomo Yoshihide, recorded at GOK Sound, Tokyo.",content/library/work/filament-2-secret-recordings-2/index.md
fingers-breath,Fingers Breath,work,album,retain,high,sound,sound,,,,"No change. The current Subjects match the concerns explicitly stated in the title, summary, body, and entry type without relying on incidental association.",Hands To's 1987 cassette on Sound of Pig Music.,content/library/work/fingers-breath/index.md
firestarter,Firestarter (Music From the Original Motion Picture Soundtrack),work,album,retain,high,sound,sound,,,,"No change. The current Subjects match the concerns explicitly stated in the title, summary, body, and entry type without relying on incidental association.",Tangerine Dream's 1984 electronic score for the film adaptation of Stephen King's Firestarter.,content/library/work/firestarter/index.md
fish-that-sparkling-bubble,Fish That Sparkling Bubble,work,album,change,medium,sound|feedback,sound|instruments,instruments,feedback,,"The record does not establish an explicit recursive output-to-input loop. Feedback is removed rather than inferred from cybernetic association, electronic practice, noise, circuitry, or one-way signal translation.","1988 collaborative album by Borbetomagus and Voice Crack, released on Agaric Records.",content/library/work/fish-that-sparkling-bubble/index.md
eddie-prevost-organum-flayed-crux,Flayed / Crux,work,album,change,medium,sound|perception,sound,,perception,,"The record presents an album or performance without making sensation, listening, cognition, observation, or perceptual organization a substantial subject.",1987 collaborative LP pairing Eddie Prévost's percussion with Organum's drone.,content/library/work/eddie-prevost-organum-flayed-crux/index.md
flora,Flora,work,album,retain,high,sound|space|perception,sound|space|perception,,,,"No change. The current Subjects match the concerns explicitly stated in the title, summary, body, and entry type without relying on incidental association.","Hiroshi Yoshimura's 1987 album of unhurried, environmental keyboard music.",content/library/work/flora/index.md
fontana-mix,Fontana Mix,work,composition,retain,high,sound|time,sound|time,,,,"No change. The current Subjects match the concerns explicitly stated in the title, summary, body, and entry type without relying on incidental association.","John Cage's 1958 indeterminate composition, generated from transparent overlays of points, curves, and lines.",content/library/work/fontana-mix/index.md
forbidden-planet,Forbidden Planet,work,album,change,high,sound|feedback,sound|instruments|feedback,instruments,,,"Adds Instruments because the record explicitly concerns instrument design, interfaces, controllers, apparatus, or instrumentality.","Louis and Bebe Barron's 1956 score for Forbidden Planet, the first entirely electronic film soundtrack, first issued commercially in 1976.",content/library/work/forbidden-planet/index.md
formalized-music,Formalized Music,work,book,retain,high,number|form|computation|sound,number|form|computation|sound,,,,"No change. The current Subjects match the concerns explicitly stated in the title, summary, body, and entry type without relying on incidental association.","Xenakis on stochastic, set-theoretic, and computational approaches to composition.",content/library/work/formalized-music/index.md
fourth-world-vol-1-possible-musics,"Fourth World, Vol. 1: Possible Musics",work,album,change,medium,sound|perception,sound,,perception,,"The record presents an album or performance without making sensation, listening, cognition, observation, or perceptual organization a substantial subject.","Jon Hassell and Brian Eno's 1980 album founding Fourth World music, fusing processed trumpet with electronics and non-Western rhythm.",content/library/work/fourth-world-vol-1-possible-musics/index.md
gaku-no-michi,Gaku-no-Michi,work,album,retain,high,sound|time,sound|time,,,,"No change. The current Subjects match the concerns explicitly stated in the title, summary, body, and entry type without relying on incidental association.","Jean-Claude Eloy's long-form electroacoustic film-without-images, made at NHK's Tokyo studio over 1,200 hours across 1977-78.",content/library/work/gaku-no-michi/index.md
gendy3,Gendy3,work,composition,change,medium,number|sound,sound,,number,,"The entry only identifies an electroacoustic work by Xenakis. Number appears inherited from the creator rather than supported by the work record, so the proposal retains Sound only.",Electroacoustic work by Iannis Xenakis.,content/library/work/gendy3/index.md
going-out-with-slow-smoke,Going Out With Slow Smoke,work,album,change,medium,sound|feedback|computation,sound|instruments,instruments,feedback|computation,,"The record does not establish an explicit recursive output-to-input loop. Feedback is removed rather than inferred from cybernetic association, electronic practice, noise, circuitry, or one-way signal translation.","Split album between Ron Kuivila and Nicolas Collins, released 1982 on Lovely Music.",content/library/work/going-out-with-slow-smoke/index.md
greek-mathematical-thought,Greek Mathematical Thought and the Origin of Algebra,work,book,retain,high,number|form,number|form,,,,"No change. The current Subjects match the concerns explicitly stated in the title, summary, body, and entry type without relying on incidental association.",Jacob Klein on the conceptual origins of algebra in and after Greek mathematics.,content/library/work/greek-mathematical-thought/index.md
green,Green,work,album,retain,high,sound|space|perception,sound|space|perception,,,,"No change. The current Subjects match the concerns explicitly stated in the title, summary, body, and entry type without relying on incidental association.","Hiroshi Yoshimura's 1986 album, recorded at his home studio over the winter of 1985-86.",content/library/work/green/index.md
green-wheels,Green Wheels,work,album,retain,high,sound,sound,,,,"No change. The current Subjects match the concerns explicitly stated in the title, summary, body, and entry type without relying on incidental association.","Merzbow's 1995 album of pure, unadulterated noise built from synthesizers and handmade instruments.",content/library/work/green-wheels/index.md
godel-escher-bach,"Gödel, Escher, Bach: An Eternal Golden Braid",work,book,retain,high,number|form|computation,number|form|computation,,,,"No change. The current Subjects match the concerns explicitly stated in the title, summary, body, and entry type without relying on incidental association.","Hofstadter on self-reference, formal systems, and strange loops across logic, art, and music.",content/library/work/godel-escher-bach/index.md
handmade-electronic-music,Handmade Electronic Music: The Art of Hardware Hacking,work,book,retain,high,instruments|sound,instruments|sound,,,,"No change. The current Subjects match the concerns explicitly stated in the title, summary, body, and entry type without relying on incidental association.","Nicolas Collins's practical guide to circuit bending, hacking, and building electronic instruments.",content/library/work/handmade-electronic-music/index.md
heathen-earth,Heathen Earth,work,album,retain,high,sound,sound,,,,"No change. The current Subjects match the concerns explicitly stated in the title, summary, body, and entry type without relying on incidental association.","Throbbing Gristle's 1980 album, recorded live in the studio before an invited audience.",content/library/work/heathen-earth/index.md
hepatopolitika,Hepatopolitika,work,album,retain,high,sound,sound,,,,"No change. The current Subjects match the concerns explicitly stated in the title, summary, body, and entry type without relying on incidental association.","K2's 1994 album, junk-metal noise built as exhausting, jarring cut-up.",content/library/work/hepatopolitika/index.md
hibiki-hana-ma,Hibiki-Hana-Ma,work,composition,change,medium,number|sound,sound,,number,,"The entry only identifies an electroacoustic work by Xenakis. Number appears inherited from the creator rather than supported by the work record, so the proposal retains Sound only.",Electroacoustic work by Iannis Xenakis.,content/library/work/hibiki-hana-ma/index.md
highdrophobia,Highdrophobia,work,album,retain,high,sound|instruments,sound|instruments,,,,"No change. The current Subjects match the concerns explicitly stated in the title, summary, body, and entry type without relying on incidental association.","Solmania's 1986 cassette, three pieces of modified-guitar drone.",content/library/work/highdrophobia/index.md
human-music,Human Music,work,album,retain,high,sound,sound,,,,"No change. The current Subjects match the concerns explicitly stated in the title, summary, body, and entry type without relying on incidental association.","Jon Appleton and Don Cherry's 1970 electronic-jazz collaboration, recorded at Dartmouth's Bregman studio.",content/library/work/human-music/index.md
hybrid-noisebloom,Hybrid Noisebloom,work,album,retain,high,sound|instruments,sound|instruments,,,,"No change. The current Subjects match the concerns explicitly stated in the title, summary, body, and entry type without relying on incidental association.","One of Merzbow's most accessible 1990s albums, built on EMS and Moog synthesizers, theremin, and processed voice.",content/library/work/hybrid-noisebloom/index.md
i-am-sitting-in-a-room,I Am Sitting in a Room,work,composition,retain,high,sound|space|feedback,sound|space|feedback,,,,"No change. The current Subjects match the concerns explicitly stated in the title, summary, body, and entry type without relying on incidental association.","Alvin Lucier's 1969 piece for voice and tape, recording and re-recording spoken text until only the room's own resonant frequencies remain.",content/library/work/i-am-sitting-in-a-room/index.md
i-of-iv,I of IV,work,composition,change,high,sound|feedback,time|sound|instruments,time|instruments,feedback,,"The record does not establish an explicit recursive output-to-input loop. Feedback is removed rather than inferred from cybernetic association, electronic practice, noise, circuitry, or one-way signal translation.","Pauline Oliveros's 1966 real-time tape piece, made at the University of Toronto Electronic Music Studio.",content/library/work/i-of-iv/index.md
iceland-pinhas,Iceland,work,album,change,medium,sound|cybernetics,sound,,cybernetics,,"Cybernetics appears associated with the creator or surrounding context rather than developed in the entry as control, regulation, communication, adaptation, or observer–system relations.",Richard Pinhas' 1979 solo debut following his split from Heldon.,content/library/work/iceland-pinhas/index.md
improvisation-its-nature-and-practice,Improvisation: Its Nature and Practice in Music,work,book,retain,high,sound|time,sound|time,,,,"No change. The current Subjects match the concerns explicitly stated in the title, summary, body, and entry type without relying on incidental association.","Derek Bailey's 1980 book, the first to treat improvisation across every musical tradition as a unified subject.",content/library/work/improvisation-its-nature-and-practice/index.md
in-sara-mencken-christ-and-beethoven,"In Sara, Mencken, Christ and Beethoven There Were Men and Women",work,album,retain,high,sound|language,sound|language,,,,"No change. The current Subjects match the concerns explicitly stated in the title, summary, body, and entry type without relying on incidental association.",Robert Ashley's 1974 setting of John Barton Wolgamot's poem for voice and modular synthesizer.,content/library/work/in-sara-mencken-christ-and-beethoven/index.md
infra,Infra,work,album,change,review,cybernetics|sound|feedback,form|morphogenesis|dynamics|cybernetics|sound,form|morphogenesis|dynamics,feedback,,"The record does not establish an explicit recursive output-to-input loop. Feedback is removed rather than inferred from cybernetic association, electronic practice, noise, circuitry, or one-way signal translation.",Roland Kayn's cybernetic music of autonomously evolving electronic processes.,content/library/work/infra/index.md
irrlicht,Irrlicht,work,album,retain,high,sound|time,sound|time,,,,"No change. The current Subjects match the concerns explicitly stated in the title, summary, body, and entry type without relying on incidental association.","Klaus Schulze's 1972 solo debut, built from organ and heavily filtered orchestral recordings, without synthesizers.",content/library/work/irrlicht/index.md
jaap-vink-recollection-grm,Jaap Vink,work,album,retain,high,sound|feedback,sound|feedback,,,,"No change. The current Subjects match the concerns explicitly stated in the title, summary, body, and entry type without relying on incidental association.","A Recollection GRM compilation of Jaap Vink's feedback-based electronic works, spanning 1968 to 1985.",content/library/work/jaap-vink-recollection-grm/index.md
keio-line,Keio Line,work,album,change,medium,sound|feedback,sound,,feedback,,"The record does not establish an explicit recursive output-to-input loop. Feedback is removed rather than inferred from cybernetic association, electronic practice, noise, circuitry, or one-way signal translation.","2008 live duo recording between Richard Pinhas and Merzbow, made in Tokyo in 2007.",content/library/work/keio-line/index.md
kick-that-habit,Kick That Habit,work,film,change,medium,sound|instruments|feedback,sound|instruments,,feedback,,"The record does not establish an explicit recursive output-to-input loop. Feedback is removed rather than inferred from cybernetic association, electronic practice, noise, circuitry, or one-way signal translation.",Peter Liechti's 1989 film portrait of eastern Switzerland built around Voice Crack's junk-electronics music.,content/library/work/kick-that-habit/index.md
klein-hummel-ue100,Klein + Hummel UE-100 — Manual,work,manual,retain,high,sound|instruments,sound|instruments,,,,"No change. The current Subjects match the concerns explicitly stated in the title, summary, body, and entry type without relying on incidental association.",Manual for the Klein + Hummel UE-100 graphic equalizer — a 10-page scanned manual.,content/library/work/klein-hummel-ue100/index.md
klaenge-unterwegs,Klänge Unterwegs (Wayfaring Sounds),work,composition,change,medium,sound|computation|cybernetics,sound,,computation|cybernetics,,"Cybernetics appears associated with the creator or surrounding context rather than developed in the entry as control, regulation, communication, adaptation, or observer–system relations.","Herbert Brün's 1961–62 electronic composition, made at the Siemens-Studio für elektronische Musik.",content/library/work/klaenge-unterwegs/index.md
krohn-hite-6880a,Krohn-Hite 6880A Distortion Analyzer — Maintenance Manual,work,manual,retain,high,sound|instruments,sound|instruments,,,Signal,"No change. The current Subjects match the concerns explicitly stated in the title, summary, body, and entry type without relying on incidental association.",Maintenance and service documentation for the Krohn-Hite 6880A programmable distortion analyzer — a 64-page scanned manual.,content/library/work/krohn-hite-6880a/index.md
krohn-hite-dca-10,Krohn-Hite DCA-10 — Service Manual,work,manual,retain,high,sound|instruments,sound|instruments,,,,"No change. The current Subjects match the concerns explicitly stated in the title, summary, body, and entry type without relying on incidental association.",Service documentation for the Krohn-Hite DCA-10 amplifier — a 64-page scanned manual.,content/library/work/krohn-hite-dca-10/index.md
lethique,L'Ethique,work,album,change,medium,sound|cybernetics,cybernetics|sound|language,language,,,"Adds Language because the record explicitly concerns signs, symbols, notation, semantics, grammar, codes, or communication systems.","Richard Pinhas' 1982 album featuring Gilles Deleuze's spoken voice, reissued by Bureau B in 2019.",content/library/work/lethique/index.md
lexperience-acoustique,L'Expérience Acoustique,work,album,change,high,sound|space,perception|sound|space,perception,,,"Adds Perception because the record explicitly concerns sensation, listening, cognition, observation, or interpretation.",François Bayle's large-scale cycle of acousmatic works composed between 1969 and 1972.,content/library/work/lexperience-acoustique/index.md
la-jolla-good-friday,La Jolla Good Friday I-II,work,album,change,medium,sound|tuning,sound,,tuning,,"The record concerns electronic sound, sustained tones, or test-tone-like material, but it does not describe a pitch system, temperament, intonation practice, scale, or ratio structure.","Thorkell Sigurbjörnsson's electronic work made at UC San Diego's Center for Music Experiment, released on vinyl in 1981.",content/library/work/la-jolla-good-friday/index.md
la-legende-deer,La Légende d'Eer,work,composition,change,medium,number|sound,sound,,number,,"The entry only identifies an electroacoustic work by Xenakis. Number appears inherited from the creator rather than supported by the work record, so the proposal retains Sound only.",Electroacoustic work by Iannis Xenakis.,content/library/work/la-legende-deer/index.md
last-exit,Last Exit,work,album,change,medium,sound|time,sound,,time,,"The record gives a live/recording context or ordinary musical chronology but does not make duration, rhythm, sequence, recurrence, or temporal structure a substantial concern.",The self-titled 1986 debut of the free-jazz/noise group Last Exit.,content/library/work/last-exit/index.md
le-triedre-fertile,Le Trièdre Fertile,work,album,retain,high,sound,sound,,,,"No change. The current Subjects match the concerns explicitly stated in the title, summary, body, and entry type without relying on incidental association.","Pierre Schaeffer's final work, composed entirely from synthetic sounds — his only purely electronic piece.",content/library/work/le-triedre-fertile/index.md
leapday-night,Leapday Night,work,album,change,medium,sound|computation|feedback|instruments,computation|sound|instruments,,feedback,,"The record does not establish an explicit recursive output-to-input loop. Feedback is removed rather than inferred from cybernetic association, electronic practice, noise, circuitry, or one-way signal translation.","David Behrman's 1987 album with Rhys Chatham, Ben Neill, and Takehisa Kosugi.",content/library/work/leapday-night/index.md
live-electronic-music-improvised,Live Electronic Music Improvised,work,album,retain,high,sound|instruments,sound|instruments,,,,"No change. The current Subjects match the concerns explicitly stated in the title, summary, body, and entry type without relying on incidental association.",1970 split LP pairing live improvisations by Musica Elettronica Viva and AMM.,content/library/work/live-electronic-music-improvised/index.md
lullaby-for-the-hearts-of-space,Lullaby for the Hearts of Space,work,album,change,high,sound|instruments|space,sound|instruments,,space,,"Space appears to derive from an ambient title, venue name, or stylistic association rather than from spatial organization, an environment, geometry, distribution, or spatialization in the entry.",Kevin Braheny's 1980 album of live improvisations on his own 'Mighty Serge' modular synthesizer.,content/library/work/lullaby-for-the-hearts-of-space/index.md
magic-thread-skintone-edition,Magic Thread,work,album,change,medium,sound|perception,sound,,perception,,"The record presents an album or performance without making sensation, listening, cognition, observation, or perceptual organization a substantial subject.","Susumu Yokota's 1998 debut album, originally a limited edition of 500 CDs.",content/library/work/magic-thread-skintone-edition/index.md
magnesia-nova,Magnesia Nova,work,album,retain,high,sound,sound,,,,"No change. The current Subjects match the concerns explicitly stated in the title, summary, body, and entry type without relying on incidental association.","Merzbow's 1995 album, its track titles drawn from the writings of Athanasius Kircher.",content/library/work/magnesia-nova/index.md
makesnd-cassette,Makesnd Cassette,work,album,change,medium,sound|computation|tuning,time|form|computation|sound,time|form,tuning,,"The record concerns electronic sound, sustained tones, or test-tone-like material, but it does not describe a pitch system, temperament, intonation practice, scale, or ratio structure.","SND's 1999 debut album, released on Mille Plateaux.",content/library/work/makesnd-cassette/index.md
meditation-stalker,Meditation,work,composition,change,high,sound|time,time|sound|instruments,instruments,,,"Adds Instruments because the record explicitly concerns instrument design, interfaces, controllers, apparatus, or instrumentality.","Eduard Artemyev's recurring theme for Tarkovsky's Stalker (1979), a slow synthesizer drone built on the ANS-derived electronic language of his Tarkovsky scores.",content/library/work/meditation-stalker/index.md
meta-hodos,Meta-Hodos and META Meta-Hodos,work,book,retain,high,perception|form|sound,perception|form|sound,,,,"No change. The current Subjects match the concerns explicitly stated in the title, summary, body, and entry type without relying on incidental association.",Tenney's application of Gestalt perception to musical form — a foundational text for thinking about how listeners organise sound into structure.,content/library/work/meta-hodos/index.md
mirage-klaus-schulze,Mirage,work,album,change,medium,sound|time,sound|instruments,instruments,time,,"The record gives a live/recording context or ordinary musical chronology but does not make duration, rhythm, sequence, recurrence, or temporal structure a substantial concern.","Klaus Schulze's 1977 album, a darker, choir-and-synthesizer-textured entry in his run of Berlin School records.",content/library/work/mirage-klaus-schulze/index.md
monobirds,Monobirds,work,album,change,high,sound|instruments|feedback,sound|instruments,,feedback,,"The record does not establish an explicit recursive output-to-input loop. Feedback is removed rather than inferred from cybernetic association, electronic practice, noise, circuitry, or one-way signal translation.","David Tudor's previously unreleased recordings, made in India in 1969 and reworked at a New York club a decade later.",content/library/work/monobirds/index.md
mu-first-part,"Mu, First Part",work,album,change,medium,sound|time,sound,,time,,"The record gives a live/recording context or ordinary musical chronology but does not make duration, rhythm, sequence, recurrence, or temporal structure a substantial concern.","Duo recording by Don Cherry and Ed Blackwell, recorded in Paris and released on BYG Records in 1969.",content/library/work/mu-first-part/index.md
mu-second-part,"Mu, Second Part",work,album,change,medium,sound|time,sound,,time,,"The record gives a live/recording context or ordinary musical chronology but does not make duration, rhythm, sequence, recurrence, or temporal structure a substantial concern.","Continuation of the Cherry/Blackwell Mu sessions, recorded in Paris and released on BYG Records in 1970.",content/library/work/mu-second-part/index.md
music-and-trance,Music and Trance: A Theory of the Relations Between Music and Possession,work,book,retain,high,sound|perception,sound|perception,,,,"No change. The current Subjects match the concerns explicitly stated in the title, summary, body, and entry type without relying on incidental association.",Gilbert Rouget's cross-cultural study of how music relates to trance and possession.,content/library/work/music-and-trance/index.md
music-for-nine-post-cards,Music for Nine Post Cards,work,album,retain,high,sound|space|perception,sound|space|perception,,,,"No change. The current Subjects match the concerns explicitly stated in the title, summary, body, and entry type without relying on incidental association.","Hiroshi Yoshimura's 1982 debut album, home-recorded, that helped define kankyo ongaku (environmental music).",content/library/work/music-for-nine-post-cards/index.md
music-for-solo-performer,Music for Solo Performer,work,composition,change,high,sound|feedback|perception,perception|sound,,feedback,Signal,"The work translates biological signals into sound or light, but the record does not establish a recursive output-to-input loop. Perception and Sound are supported; Feedback is not.","Alvin Lucier's 1965 piece for amplified brainwaves and percussion, the first musical work generated directly from EEG signals.",content/library/work/music-for-solo-performer/index.md
mycenes-alpha,Mycènes Alpha,work,composition,change,medium,number|sound,form|computation|sound|language,form|computation|language,number,,"The numerical association is incidental or inherited; the record does not substantially concern quantity, ratio, measurement, mathematics, or numerical representation.","Xenakis's 1978 work, the first piece ever composed on the UPIC system.",content/library/work/mycenes-alpha/index.md
neu-1972,Neu!,work,album,retain,high,sound|time,sound|time,,,,"No change. The current Subjects match the concerns explicitly stated in the title, summary, body, and entry type without relying on incidental association.","Neu!'s 1972 self-titled debut, recorded with Conny Plank and the record that introduced the 'motorik' beat.",content/library/work/neu-1972/index.md
neural-network-plus,Neural Network Plus,work,composition,retain,high,feedback|instruments|sound,feedback|instruments|sound,,,,"No change. The current Subjects match the concerns explicitly stated in the title, summary, body, and entry type without relying on incidental association.",David Tudor's late live-electronic work built from feedback networks.,content/library/work/neural-network-plus/index.md
neurotten,Neurotten,work,album,retain,high,sound,sound,,,,"No change. The current Subjects match the concerns explicitly stated in the title, summary, body, and entry type without relying on incidental association.","Pain Jerk's 1996 album, a cult classic of relentless, live, no-overdub harsh noise.",content/library/work/neurotten/index.md
nommo,Nommo,work,album,change,medium,sound|time,sound,,time,,"The record gives a live/recording context or ordinary musical chronology but does not make duration, rhythm, sequence, recurrence, or temporal structure a substantial concern.",Milford Graves and Don Pullen's self-released 1967 duo recording.,content/library/work/nommo/index.md
non-serviam,Non Serviam,work,story,change,high,computation|language,computation|perception|language,perception,,,"Adds Perception because the record explicitly concerns sensation, listening, cognition, observation, or interpretation.","Lem's fictional account of 'personoids' — conscious beings created inside a computer, who reason their way to theology.",content/library/work/non-serviam/index.md
nova-steve-reid,Nova,work,album,change,medium,sound|time,sound,,time,,"The record gives a live/recording context or ordinary musical chronology but does not make duration, rhythm, sequence, recurrence, or temporal structure a substantial concern.","Steve Reid's 1976 debut LP with The Legendary Master Brotherhood, launching his Mustevic Sound label.",content/library/work/nova-steve-reid/index.md
on-computable-numbers,"On Computable Numbers, with an Application to the Entscheidungsproblem",work,paper,retain,high,computation|number,computation|number,,,,"No change. The current Subjects match the concerns explicitly stated in the title, summary, body, and entry type without relying on incidental association.",Turing's 1936 paper defining the Turing machine and the limits of mechanical computation.,content/library/work/on-computable-numbers/index.md
on-growth-and-form,On Growth and Form,work,book,retain,high,morphogenesis|form|number,morphogenesis|form|number,,,,"No change. The current Subjects match the concerns explicitly stated in the title, summary, body, and entry type without relying on incidental association.",D'Arcy Thompson's classic on the mathematics and physics of biological form.,content/library/work/on-growth-and-form/index.md
on-the-other-ocean,On the Other Ocean,work,album,retain,high,sound|computation|feedback,sound|computation|feedback,,,,"No change. The current Subjects match the concerns explicitly stated in the title, summary, body, and entry type without relying on incidental association.","David Behrman's 1978 debut album, a pioneering work of computer music pairing a KIM-1 microcomputer with live players.",content/library/work/on-the-other-ocean/index.md
on-the-sensations-of-tone,On the Sensations of Tone as a Physiological Basis for the Theory of Music,work,book,retain,high,sound|perception|tuning,sound|perception|tuning,,,,"No change. The current Subjects match the concerns explicitly stated in the title, summary, body, and entry type without relying on incidental association.","Helmholtz's foundational treatise on acoustics, timbre, and the perception of tone.",content/library/work/on-the-sensations-of-tone/index.md
orient-occident,Orient-Occident,work,composition,change,medium,number|sound,sound,,number,,"The entry only identifies an electroacoustic work by Xenakis. Number appears inherited from the creator rather than supported by the work record, so the proposal retains Sound only.",Electroacoustic work by Iannis Xenakis.,content/library/work/orient-occident/index.md
outland,Outland,work,album,retain,high,sound,sound,,,,"No change. The current Subjects match the concerns explicitly stated in the title, summary, body, and entry type without relying on incidental association.",Bill Laswell and Pete Namlook's 2023 album on Cold Spring.,content/library/work/outland/index.md
outside-the-dream-syndicate,Outside the Dream Syndicate,work,album,change,medium,sound|time|tuning,time|sound,,tuning,,"The record concerns electronic sound, sustained tones, or test-tone-like material, but it does not describe a pitch system, temperament, intonation practice, scale, or ratio structure.",Tony Conrad and Faust's 1973 landmark of sustained-tone drone minimalism.,content/library/work/outside-the-dream-syndicate/index.md
ovalcommers,Ovalcommers,work,album,retain,high,sound,sound,,,,"No change. The current Subjects match the concerns explicitly stated in the title, summary, body, and entry type without relying on incidental association.","Oval's 2001 album, marking a shift from CD-skip glitch toward more constructed digital composition.",content/library/work/ovalcommers/index.md
pepsi-pavilion,Pepsi Pavilion,work,installation,retain,high,sound|space|perception,sound|space|perception,,,,"No change. The current Subjects match the concerns explicitly stated in the title, summary, body, and entry type without relying on incidental association.","Artist-designed and -programmed environment for Expo '70, created by Experiments in Art and Technology (E.A.T.).",content/library/work/pepsi-pavilion/index.md
persepolis,Persepolis,work,composition,change,medium,number|sound,sound,,number,,"The entry only identifies an electroacoustic work by Xenakis. Number appears inherited from the creator rather than supported by the work record, so the proposal retains Sound only.",Electroacoustic work by Iannis Xenakis.,content/library/work/persepolis/index.md
persian-surgery-dervishes,Persian Surgery Dervishes,work,album,retain,high,sound|time|tuning,sound|time|tuning,,,,"No change. The current Subjects match the concerns explicitly stated in the title, summary, body, and entry type without relying on incidental association.","Terry Riley's 1972 double LP of two long electric-organ improvisations, drawing on his study of Hindustani classical music.",content/library/work/persian-surgery-dervishes/index.md
petite-symphonie-intuitive,Petite Symphonie Intuitive pour un Paysage de Printemps,work,composition,retain,high,sound|time|perception,sound|time|perception,,,,"No change. The current Subjects match the concerns explicitly stated in the title, summary, body, and entry type without relying on incidental association.","Luc Ferrari's 1973-74 piece treating a spring landscape's field recordings as intuitive, near-unedited symphony.",content/library/work/petite-symphonie-intuitive/index.md
phaedra,Phaedra,work,album,retain,high,sound|time,sound|time,,,,"No change. The current Subjects match the concerns explicitly stated in the title, summary, body, and entry type without relying on incidental association.","Tangerine Dream's 1974 album, the record that established the sequencer-driven Berlin School sound.",content/library/work/phaedra/index.md
pharoah,Pharoah,work,album,retain,high,sound|time,sound|time,,,,"No change. The current Subjects match the concerns explicitly stated in the title, summary, body, and entry type without relying on incidental association.","Pharoah Sanders's 1976 album, self-released on India Navigation.",content/library/work/pharoah/index.md
planetary-unfolding,Planetary Unfolding,work,album,change,medium,sound|space,sound|instruments,instruments,space,,"Space appears to derive from an ambient title, venue name, or stylistic association rather than from spatial organization, an environment, geometry, distribution, or spatialization in the entry.","Michael Stearns' 1981 analog space-music album, made on a Serge modular synthesizer.",content/library/work/planetary-unfolding/index.md
plux-quba,Plux Quba,work,album,change,medium,sound|perception,sound,,perception,,"The record presents an album or performance without making sensation, listening, cognition, observation, or perceptual organization a substantial subject.","Nuno Canavarro's 1988 album of miniature, dreamlike electronic and acoustic sound-collage.",content/library/work/plux-quba/index.md
polytope-de-cluny,Polytope de Cluny,work,composition,change,medium,number|sound,sound,,number,,"The entry only identifies an electroacoustic work by Xenakis. Number appears inherited from the creator rather than supported by the work record, so the proposal retains Sound only.",Electroacoustic work by Iannis Xenakis.,content/library/work/polytope-de-cluny/index.md
presque-rien-no-1,Presque Rien No. 1: Le Lever du Jour au Bord de la Mer,work,composition,retain,high,sound|time|perception,sound|time|perception,,,,"No change. The current Subjects match the concerns explicitly stated in the title, summary, body, and entry type without relying on incidental association.",Luc Ferrari's 1970 tape piece built from a near-unedited dawn field recording at the sea's edge.,content/library/work/presque-rien-no-1/index.md
prospectus-1983,Prospectus,work,album,change,high,sound|space,sound,,space,,"Space appears to derive from an ambient title, venue name, or stylistic association rather than from spatial organization, an environment, geometry, distribution, or spatialization in the entry.","The Steve Lacy Seven's 1983 double LP, recorded live at IRCAM's Espace de Projection.",content/library/work/prospectus-1983/index.md
psychonavigation-i-v,Psychonavigation I-V,work,album,retain,high,sound,sound,,,,"No change. The current Subjects match the concerns explicitly stated in the title, summary, body, and entry type without relying on incidental association.","A collection of the five Psychonavigation albums by Pete Namlook and Bill Laswell, originally released 1994-2002.",content/library/work/psychonavigation-i-v/index.md
pulsation,Pulsation,work,album,retain,high,sound|instruments,sound|instruments,,,,"No change. The current Subjects match the concerns explicitly stated in the title, summary, body, and entry type without relying on incidental association.",1983 free-improvisation duo album pairing percussionist Masahiko Togashi with guitarist Masayuki Takayanagi.,content/library/work/pulsation/index.md
pulse-demon,Pulse Demon,work,album,retain,high,sound,sound,,,,"No change. The current Subjects match the concerns explicitly stated in the title, summary, body, and entry type without relying on incidental association.","Merzbow's 1996 album, live noise concrète made entirely with a fuzz box and no overdubs.",content/library/work/pulse-demon/index.md
pulse-music-iii,Pulse Music III,work,composition,retain,high,sound|time|number,sound|time|number,,,,"No change. The current Subjects match the concerns explicitly stated in the title, summary, body, and entry type without relying on incidental association.","John McGuire's 1978-79 phase-based electronic work, realized at the West German Radio electronic music studio.",content/library/work/pulse-music-iii/index.md
pythagoron,Pythagoron,work,album,retain,high,sound|perception,sound|perception,,,,"No change. The current Subjects match the concerns explicitly stated in the title, summary, body, and entry type without relying on incidental association.","The sole, privately issued 1977 album from Pythagoron, sold via mail-order as sound for altering brainwave states.",content/library/work/pythagoron/index.md
q-are-we-not-men-a-we-are-devo,Q: Are We Not Men? A: We Are Devo!,work,album,retain,high,sound,sound,,,,"No change. The current Subjects match the concerns explicitly stated in the title, summary, body, and entry type without relying on incidental association.","Devo's 1978 debut album, produced by Brian Eno, a founding document of American new wave.",content/library/work/q-are-we-not-men-a-we-are-devo/index.md
rabbit-run,Rabbit Run,work,album,change,medium,sound|feedback,sound|instruments,instruments,feedback,,"The record does not establish an explicit recursive output-to-input loop. Feedback is removed rather than inferred from cybernetic association, electronic practice, noise, circuitry, or one-way signal translation.","2003 trio album by Keith Rowe, Thomas Lehn, and Marcus Schmickler, recorded at Piethopraxis, Cologne.",content/library/work/rabbit-run/index.md
radioactivity,Radioactivity,work,album,retain,high,sound,sound,,,,"No change. The current Subjects match the concerns explicitly stated in the title, summary, body, and entry type without relying on incidental association.",Kraftwerk's 1975 concept album built around radio and radioactivity.,content/library/work/radioactivity/index.md
rainbow-delta,Rainbow Delta,work,album,retain,high,sound|instruments,sound|instruments,,,,"No change. The current Subjects match the concerns explicitly stated in the title, summary, body, and entry type without relying on incidental association.","Patrick Gleeson's 1980 electronic-jazz album, recorded at his own Different Fur studio.",content/library/work/rainbow-delta/index.md
rainbow-electronics,Rainbow Electronics,work,album,retain,high,sound,sound,,,,"No change. The current Subjects match the concerns explicitly stated in the title, summary, body, and entry type without relying on incidental association.","Merzbow's 1990 album, condensed from roughly 21 hours of raw material recorded 1987-1990.",content/library/work/rainbow-electronics/index.md
rainforest,Rainforest,work,composition,retain,high,sound|instruments|space,sound|instruments|space,,,,"No change. The current Subjects match the concerns explicitly stated in the title, summary, body, and entry type without relying on incidental association.",David Tudor's series of works in which sounds are given physical form through resonating objects.,content/library/work/rainforest/index.md
ralf-und-florian,Ralf und Florian,work,album,retain,high,sound,sound,,,,"No change. The current Subjects match the concerns explicitly stated in the title, summary, body, and entry type without relying on incidental association.","Kraftwerk's 1973 third album, the group's first to feature the vocoder and a step toward its classic electronic sound.",content/library/work/ralf-und-florian/index.md
re-rurr,Re-Rurr,work,album,retain,high,sound|instruments,sound|instruments,,,,"No change. The current Subjects match the concerns explicitly stated in the title, summary, body, and entry type without relying on incidental association.","Solmania's 1985 debut cassette, guitar drone built on Masahiko Ohno's homemade multi-neck instruments.",content/library/work/re-rurr/index.md
reality-gates,Reality Gates,work,album,change,high,sound,sound|instruments,instruments,,,"Adds Instruments because the record explicitly concerns instrument design, interfaces, controllers, apparatus, or instrumentality.","Steve Birchall's 1973 private-press synthesizer album, recorded on a VCS-3 and 16-track tape.",content/library/work/reality-gates/index.md
reflexive-universe,Reflexive Universe,work,album,change,high,sound|feedback,sound,,feedback,,"The record does not establish an explicit recursive output-to-input loop. Feedback is removed rather than inferred from cybernetic association, electronic practice, noise, circuitry, or one-way signal translation.","C.C.C.C.'s 1991 cassette, a Kobe studio session by two members plus a later full-group live recording.",content/library/work/reflexive-universe/index.md
reminded-by-the-instruments,Reminded by the Instruments: David Tudor's Music,work,book,retain,high,instruments|sound|feedback,instruments|sound|feedback,,,,"No change. The current Subjects match the concerns explicitly stated in the title, summary, body, and entry type without relying on incidental association.",You Nakai's study of David Tudor reconstructed through his instruments and circuits.,content/library/work/reminded-by-the-instruments/index.md
repo,Repo,work,album,change,high,sound|feedback,sound,,feedback,,"The record does not establish an explicit recursive output-to-input loop. Feedback is removed rather than inferred from cybernetic association, electronic practice, noise, circuitry, or one-way signal translation.","Incapacitants' 1989 vinyl debut, an uncompromising noise record for its time.",content/library/work/repo/index.md
rhizosphere,Rhizosphere,work,album,change,medium,sound|cybernetics,form|sound,form,cybernetics,,"Cybernetics appears associated with the creator or surrounding context rather than developed in the entry as control, regulation, communication, adaptation, or observer–system relations.",Richard Pinhas' 2018 solo album on Bureau B.,content/library/work/rhizosphere/index.md
rhythmatism,Rhythmatism,work,album,retain,high,sound|time,sound|time,,,,"No change. The current Subjects match the concerns explicitly stated in the title, summary, body, and entry type without relying on incidental association.","Steve Reid's 1976 spiritual-jazz LP on his own Mustevic Sound label, pressed in an edition of 1,000.",content/library/work/rhythmatism/index.md
riddles-of-the-sphinx,Riddles of the Sphinx,work,album,change,high,sound,sound|instruments,instruments,,,"Adds Instruments because the record explicitly concerns instrument design, interfaces, controllers, apparatus, or instrumentality.","Mike Ratledge's 1977 synthesizer score for Laura Mulvey and Peter Wollen's film, released decades later from BFI archive reels.",content/library/work/riddles-of-the-sphinx/index.md
riverrun,Riverrun,work,composition,retain,high,sound|computation|time,sound|computation|time,,,,"No change. The current Subjects match the concerns explicitly stated in the title, summary, body, and entry type without relying on incidental association.","Barry Truax's 1986 composition, the first electroacoustic work built from real-time granular synthesis.",content/library/work/riverrun/index.md
rome-cansrt,Rome Cansrt,work,album,retain,high,sound|instruments,sound|instruments,,,,"No change. The current Subjects match the concerns explicitly stated in the title, summary, body, and entry type without relying on incidental association.","Musica Elettronica Viva's Spring 1968 Rome recording, issued in 1999 with phonetically spelled liner notes.",content/library/work/rome-cansrt/index.md
rouge,Rouge,work,composition,change,medium,sound|time,sound,,time,,"The record gives a live/recording context or ordinary musical chronology but does not make duration, rhythm, sequence, recurrence, or temporal structure a substantial concern.","Jean Piché's piece for percussion and tape, the most agitated work on his 1982 album Heliograms.",content/library/work/rouge/index.md
roundtrip-1977,Roundtrip (1977),work,album,change,medium,sound|time,sound,,time,,"The record gives a live/recording context or ordinary musical chronology but does not make duration, rhythm, sequence, recurrence, or temporal structure a substantial concern.","Don Cherry and Jean Schwarz's 1977 duo recording, released by Transversales Disques.",content/library/work/roundtrip-1977/index.md
s709,S.709,work,composition,change,medium,number|sound,sound,,number,,"The entry only identifies an electroacoustic work by Xenakis. Number appears inherited from the creator rather than supported by the work record, so the proposal retains Sound only.",Electroacoustic work by Iannis Xenakis.,content/library/work/s709/index.md
sakura-skintone-edition,Sakura,work,album,change,medium,sound|perception,sound,,perception,,"The record presents an album or performance without making sensation, listening, cognition, observation, or perceptual organization a substantial subject.","Susumu Yokota's 1999 album of dense, sample-woven ambient composition.",content/library/work/sakura-skintone-edition/index.md
school-days-1963,School Days,work,album,change,high,sound|time,sound,,time,,"The record gives a live/recording context or ordinary musical chronology but does not make duration, rhythm, sequence, recurrence, or temporal structure a substantial concern.","A 1963 live set of Thelonious Monk repertoire by Steve Lacy's quartet, released for the first time in 1975.",content/library/work/school-days-1963/index.md
sextant,Sextant,work,album,retain,high,sound|instruments,sound|instruments,,,,"No change. The current Subjects match the concerns explicitly stated in the title, summary, body, and entry type without relying on incidental association.","Herbie Hancock's 1973 album, the Mwandishi sextet's densest electronic fusion, built around Patrick Gleeson's ARP 2600.",content/library/work/sextant/index.md
shanti,Shanti,work,album,retain,high,sound|time,sound|time,,,,"No change. The current Subjects match the concerns explicitly stated in the title, summary, body, and entry type without relying on incidental association.","Jean-Claude Eloy's expansive electroacoustic work, realized 1972-73 at the WDR studio under Stockhausen's direction.",content/library/work/shanti/index.md
shock-shock-shock,Shock! Shock! Shock!,work,album,retain,high,sound,sound,,,,"No change. The current Subjects match the concerns explicitly stated in the title, summary, body, and entry type without relying on incidental association.","Violent Onsen Geisha's 1989 cassette, noise built from techno, pop samples, hip hop, and family recordings.",content/library/work/shock-shock-shock/index.md
shri-camel,Shri Camel,work,album,retain,high,sound|time|tuning,sound|time|tuning,,,,"No change. The current Subjects match the concerns explicitly stated in the title, summary, body, and entry type without relying on incidental association.","Terry Riley's 1980 album of just-intonation electric organ and tape delay, drawing on Indian classical music.",content/library/work/shri-camel/index.md
silence,Silence: Lectures and Writings,work,book,retain,high,sound|time|perception,sound|time|perception,,,,"No change. The current Subjects match the concerns explicitly stated in the title, summary, body, and entry type without relying on incidental association.","John Cage's foundational collection on indeterminacy, silence, and the sounds of the world.",content/library/work/silence/index.md
silver-apples-of-the-moon,Silver Apples of the Moon,work,album,retain,high,sound|instruments,sound|instruments,,,,"No change. The current Subjects match the concerns explicitly stated in the title, summary, body, and entry type without relying on incidental association.","Morton Subotnick's 1967 LP, the first electronic work commissioned by a record label, made on the Buchla 100.",content/library/work/silver-apples-of-the-moon/index.md
solaris-artemyev,Solaris,work,composition,change,medium,sound|time,sound|instruments,instruments,time,,"The record gives a live/recording context or ordinary musical chronology but does not make duration, rhythm, sequence, recurrence, or temporal structure a substantial concern.","Eduard Artemyev's score for Tarkovsky's Solaris (1972), built from ANS-synthesizer variations on Bach's Chorale Prelude in F Minor.",content/library/work/solaris-artemyev/index.md
spiritual-unity,Spiritual Unity,work,album,change,medium,sound|perception,sound,,perception,,"The record presents an album or performance without making sensation, listening, cognition, observation, or perceptual organization a substantial subject.","Albert Ayler's 1965 trio album with Gary Peacock and Sunny Murray, recorded for ESP-Disk'.",content/library/work/spiritual-unity/index.md
station-70,Station '70: Call in Question / Live Independence,work,album,change,high,sound|feedback,sound,,feedback,,"The record does not establish an explicit recursive output-to-input loop. Feedback is removed rather than inferred from cybernetic association, electronic practice, noise, circuitry, or one-way signal translation.","Previously unreleased 1970 recordings by Masayuki Takayanagi's New Direction trio, first issued in 2022.",content/library/work/station-70/index.md
still-way,Still Way (Wave Notation 2),work,album,retain,high,sound|space|perception,sound|space|perception,,,,"No change. The current Subjects match the concerns explicitly stated in the title, summary, body, and entry type without relying on incidental association.","Satoshi Ashikawa's 1982 environmental-music album, the second release in the Wave Notation series.",content/library/work/still-way/index.md
stria,Stria,work,composition,retain,high,sound|computation|number|tuning,sound|computation|number|tuning,,,,"No change. The current Subjects match the concerns explicitly stated in the title, summary, body, and entry type without relying on incidental association.","John Chowning's 1977 tape piece, its FM synthesis and structure built entirely on the golden ratio.",content/library/work/stria/index.md
structures-from-silence,Structures from Silence,work,album,retain,high,time|sound,time|sound,,,,"No change. The current Subjects match the concerns explicitly stated in the title, summary, body, and entry type without relying on incidental association.",Steve Roach's 1984 ambient landmark of slow-evolving synthesizer drone.,content/library/work/structures-from-silence/index.md
surround,Surround,work,album,retain,high,sound|space|perception,sound|space|perception,,,,"No change. The current Subjects match the concerns explicitly stated in the title, summary, body, and entry type without relying on incidental association.",Hiroshi Yoshimura's 1986 album of environmental keyboard music.,content/library/work/surround/index.md
table-chair-and-hatstand,Table Chair and Hatstand,work,album,retain,high,sound,sound,,,,"No change. The current Subjects match the concerns explicitly stated in the title, summary, body, and entry type without relying on incidental association.","1997 trio session between Günter Müller, Voice Crack, and Jim O'Rourke, recorded at Zack Studio, St. Gallen.",content/library/work/table-chair-and-hatstand/index.md
taurhiphanie,Taurhiphanie,work,composition,change,medium,number|sound,sound,,number,,"The entry only identifies an electroacoustic work by Xenakis. Number appears inherited from the creator rather than supported by the work record, so the proposal retains Sound only.",Electroacoustic work by Iannis Xenakis.,content/library/work/taurhiphanie/index.md
tektra,Tektra,work,album,change,review,cybernetics|sound|feedback,form|morphogenesis|dynamics|cybernetics|sound,form|morphogenesis|dynamics,feedback,,"The record does not establish an explicit recursive output-to-input loop. Feedback is removed rather than inferred from cybernetic association, electronic practice, noise, circuitry, or one-way signal translation.",Roland Kayn's large-scale work of self-organizing 'cybernetic music'.,content/library/work/tektra/index.md
don-cherry-terry-riley-koln-1975,"Terry Riley / Don Cherry: Live, Köln 1975",work,album,retain,high,sound|time|tuning,sound|time|tuning,,,,"No change. The current Subjects match the concerns explicitly stated in the title, summary, body, and entry type without relying on incidental association.","A 1975 live recording from Köln pairing Terry Riley's synthesizers with Don Cherry's trumpet, including a broadcast of Descending Moonshine Dervishes.",content/library/work/don-cherry-terry-riley-koln-1975/index.md
tetsuo-iron-man,Tetsuo: Iron Man,work,film,retain,high,form,form,,,,"No change. The current Subjects match the concerns explicitly stated in the title, summary, body, and entry type without relying on incidental association.",Shinya Tsukamoto's 1989 cyberpunk body-horror of flesh fusing violently with metal.,content/library/work/tetsuo-iron-man/index.md
the-accursed-share,The Accursed Share,work,book,retain,high,dynamics,dynamics,,,,"No change. The current Subjects match the concerns explicitly stated in the title, summary, body, and entry type without relying on incidental association.","Georges Bataille's theory of general economy — expenditure, excess, and the necessary loss of surplus energy.",content/library/work/the-accursed-share/index.md
andromeda-strain,The Andromeda Strain (Original Electronic Soundtrack),work,album,change,high,sound,sound|instruments,instruments,,,"Adds Instruments because the record explicitly concerns instrument design, interfaces, controllers, apparatus, or instrumentality.","Gil Mellé's 1971 score for The Andromeda Strain, the first all-synthesizer score for a feature film.",content/library/work/andromeda-strain/index.md
architectural-relevance-of-cybernetics,The Architectural Relevance of Cybernetics,work,essay,change,medium,cybernetics,form|cybernetics|perception|space,form|perception|space,,,"Adds Form, Perception, Space because the record explicitly concerns structure, pattern, topology, or organization; sensation, listening, cognition, observation, or interpretation; spatial organization, geometry, environments, distribution, or spatialization.",Pask's argument for cybernetics as a theory of architecture and interaction.,content/library/work/architectural-relevance-of-cybernetics/index.md
the-art-of-david-tudor,The Art of David Tudor (1963-1992),work,album,retain,high,sound|instruments|feedback,sound|instruments|feedback,,,,"No change. The current Subjects match the concerns explicitly stated in the title, summary, body, and entry type without relying on incidental association.","New World Records' 7-CD retrospective box set, the first comprehensive survey of Tudor's work as a composer.",content/library/work/the-art-of-david-tudor/index.md
chemical-basis-of-morphogenesis,The Chemical Basis of Morphogenesis,work,paper,retain,high,morphogenesis|form|dynamics,morphogenesis|form|dynamics,,,,"No change. The current Subjects match the concerns explicitly stated in the title, summary, body, and entry type without relying on incidental association.",Turing's 1952 paper proposing reaction–diffusion systems as the origin of biological pattern.,content/library/work/chemical-basis-of-morphogenesis/index.md
the-circular-ruins,The Circular Ruins,work,story,change,medium,form|memory,form|morphogenesis,morphogenesis,memory,,"Adds Morphogenesis because the record explicitly concerns the production, emergence, or transformation of form. Removes Memory because the entry does not treat storage, recording, retention, recall, or past state affecting future behavior as a substantial concern; the assignment appears incidental, inherited, or type-driven.","A magician sets out to dream a man into being, then discovers that he too is another's dream.",content/library/work/the-circular-ruins/index.md
the-conet-project,The Conet Project,work,album,retain,high,sound|time|language,sound|time|language,,,Information,"No change. The current Subjects match the concerns explicitly stated in the title, summary, body, and entry type without relying on incidental association.","A 1997 compilation of recorded shortwave numbers-station transmissions, released by Irdial-Discs.",content/library/work/the-conet-project/index.md
the-dark-side-of-the-moog,The Dark Side of the Moog,work,album,change,high,sound|time,sound,,time,,"The record gives a live/recording context or ordinary musical chronology but does not make duration, rhythm, sequence, recurrence, or temporal structure a substantial concern.","The 1994 debut collaboration between Klaus Schulze and Pete Namlook on FAX, dedicated to Bob Moog and the start of an eleven-volume series.",content/library/work/the-dark-side-of-the-moog/index.md
the-dreams,The Dreams,work,composition,change,medium,sound|time|language,perception|sound|language,perception,time,,"The record gives a live/recording context or ordinary musical chronology but does not make duration, rhythm, sequence, recurrence, or temporal structure a substantial concern.","Delia Derbyshire's 1964 radiophonic sound collage of dream accounts, made with writer Barry Bermange.",content/library/work/the-dreams/index.md
the-electronic-revolution,The Electronic Revolution,work,essay,retain,high,language|sound,language|sound,,,,"No change. The current Subjects match the concerns explicitly stated in the title, summary, body, and entry type without relying on incidental association.",Burroughs's pamphlet on language as a virus and tape/electronic techniques of control and resistance.,content/library/work/the-electronic-revolution/index.md
evolutionary-biology-of-plants,The Evolutionary Biology of Plants,work,book,change,high,morphogenesis|form,number|form|morphogenesis,number,,,"Adds Number because the record explicitly concerns mathematical quantity, ratio, measurement, or numerical structure.","Karl Niklas on plant form, biomechanics, and the evolution of morphology.",content/library/work/evolutionary-biology-of-plants/index.md
the-expanding-universe,The Expanding Universe,work,album,change,medium,sound|time,time|form|computation|sound,form|computation,,,"Adds Form, Computation because the record explicitly concerns structure, pattern, topology, or organization; algorithms, programming, formal processing, or machine computation.",Laurie Spiegel's landmark of algorithmic composition made on the GROOVE system at Bell Labs.,content/library/work/the-expanding-universe/index.md
the-flicker,The Flicker,work,film,retain,high,time|perception|form,time|perception|form,,,,"No change. The current Subjects match the concerns explicitly stated in the title, summary, body, and entry type without relying on incidental association.","Tony Conrad's 1966 landmark of structural film, built entirely from alternating black and white frames.",content/library/work/the-flicker/index.md
the-human-race-was-restored-to-life-repeatedly,The Human Race Was Restored to Life Repeatedly,work,album,retain,high,sound|feedback,sound|feedback,,,,"No change. The current Subjects match the concerns explicitly stated in the title, summary, body, and entry type without relying on incidental association.","Government Alpha's 1994 cassette, a pivotal document of Yasutoshi Yoshida's early hands-on approach to noise.",content/library/work/the-human-race-was-restored-to-life-repeatedly/index.md
the-invisible-generation,The Invisible Generation,work,essay,retain,high,language|sound|perception,language|sound|perception,,,,"No change. The current Subjects match the concerns explicitly stated in the title, summary, body, and entry type without relying on incidental association.","Burroughs on tape recorders, cut-ups, and jamming the reality studio of mass media.",content/library/work/the-invisible-generation/index.md
the-just-intonation-primer,The Just Intonation Primer,work,book,retain,high,tuning|number|sound,tuning|number|sound,,,,"No change. The current Subjects match the concerns explicitly stated in the title, summary, body, and entry type without relying on incidental association.",David B. Doty's practical introduction to the theory and practice of just intonation.,content/library/work/the-just-intonation-primer/index.md
league-of-automatic-music-composers-1978-1983,The League of Automatic Music Composers 1978-1983,work,album,retain,high,computation|sound|feedback|instruments,computation|sound|feedback|instruments,,,,"No change. The current Subjects match the concerns explicitly stated in the title, summary, body, and entry type without relying on incidental association.",New World Records anthology of the League's networked-microcomputer performances.,content/library/work/league-of-automatic-music-composers-1978-1983/index.md
the-library-of-babel,The Library of Babel,work,story,retain,high,number|language|space,number|language|space,,,,"No change. The current Subjects match the concerns explicitly stated in the title, summary, body, and entry type without relying on incidental association.",The universe imagined as a total library containing every possible book of a fixed length.,content/library/work/the-library-of-babel/index.md
the-lottery-in-babylon,The Lottery in Babylon,work,story,retain,high,number|form,number|form,,,,"No change. The current Subjects match the concerns explicitly stated in the title, summary, body, and entry type without relying on incidental association.","A society governed ever more totally by an infinite lottery, until chance administers every event.",content/library/work/the-lottery-in-babylon/index.md
the-mighty-warriors-live-in-antwerp,The Mighty Warriors: Live in Antwerp,work,album,change,high,sound|time,sound,,time,,"The record gives a live/recording context or ordinary musical chronology but does not make duration, rhythm, sequence, recurrence, or temporal structure a substantial concern.","A 1995 live recording of Mal Waldron and Steve Lacy's quartet, released in 2024.",content/library/work/the-mighty-warriors-live-in-antwerp/index.md
origin-of-consciousness,The Origin of Consciousness in the Breakdown of the Bicameral Mind,work,book,retain,high,language|perception|memory,language|perception|memory,,,,"No change. The current Subjects match the concerns explicitly stated in the title, summary, body, and entry type without relying on incidental association.","Julian Jaynes's theory that consciousness is a learned, language-based construction of recent historical origin.",content/library/work/origin-of-consciousness/index.md
the-soundscape,The Soundscape: Our Sonic Environment and the Tuning of the World,work,book,retain,high,sound|perception|space,sound|perception|space,,,,"No change. The current Subjects match the concerns explicitly stated in the title, summary, body, and entry type without relying on incidental association.",R. Murray Schafer's foundational study of acoustic ecology and the world as composition.,content/library/work/the-soundscape/index.md
sweet-dreams-of-miss-pamela-beach,The Sweet Dreams of Miss Pamela Beach,work,composition,change,high,sound,computation|sound|instruments,computation|instruments,,,"Adds Computation, Instruments because the record explicitly concerns algorithms, programming, formal processing, or machine computation; instrument design, interfaces, controllers, apparatus, or instrumentality.",Jon Appleton electronic composition from his work developing the Synclavier at Dartmouth.,content/library/work/sweet-dreams-of-miss-pamela-beach/index.md
tree-of-knowledge,The Tree of Knowledge: The Biological Roots of Human Understanding,work,book,change,medium,cybernetics|perception|feedback,morphogenesis|cybernetics|perception,morphogenesis,feedback,,"The record does not establish an explicit recursive output-to-input loop. Feedback is removed rather than inferred from cybernetic association, electronic practice, noise, circuitry, or one-way signal translation.","Maturana and Varela on autopoiesis, cognition, and the biology of understanding.",content/library/work/tree-of-knowledge/index.md
visual-display-quantitative-information,The Visual Display of Quantitative Information,work,book,retain,high,form|number|perception,form|number|perception,,,Information,"No change. The current Subjects match the concerns explicitly stated in the title, summary, body, and entry type without relying on incidental association.",Tufte on the principled graphical display of data.,content/library/work/visual-display-quantitative-information/index.md
the-wild-bull,The Wild Bull,work,album,change,high,sound,sound|instruments,instruments,,,"Adds Instruments because the record explicitly concerns instrument design, interfaces, controllers, apparatus, or instrumentality.",Morton Subotnick's 1968 Buchla synthesizer work for Nonesuch.,content/library/work/the-wild-bull/index.md
the-works,The Works,work,album,change,medium,sound|feedback,sound,,feedback,,"The record does not establish an explicit recursive output-to-input loop. Feedback is removed rather than inferred from cybernetic association, electronic practice, noise, circuitry, or one-way signal translation.","Alvin Curran's 1976 solo album, part of New World Records' Solo Works: The '70s compilation.",content/library/work/the-works/index.md
time-machines,Time Machines,work,album,retain,high,time|sound|perception,time|sound|perception,,,,"No change. The current Subjects match the concerns explicitly stated in the title, summary, body, and entry type without relying on incidental association.",Coil's 1998 album of sustained electronic drones.,content/library/work/time-machines/index.md
tlon-uqbar-orbis-tertius,"Tlön, Uqbar, Orbis Tertius",work,story,retain,high,language|form|memory,language|form|memory,,,,"No change. The current Subjects match the concerns explicitly stated in the title, summary, body, and entry type without relying on incidental association.",The encyclopedia of an invented world slowly begins to overwrite reality itself.,content/library/work/tlon-uqbar-orbis-tertius/index.md
tom-and-gerry,Tom and Gerry,work,album,change,medium,sound|instruments|time,sound|instruments,,time,,"The record gives a live/recording context or ordinary musical chronology but does not make duration, rhythm, sequence, recurrence, or temporal structure a substantial concern.",1999 duo album pairing Thomas Lehn's analog synthesizer with Gerry Hemingway's drums and percussion.,content/library/work/tom-and-gerry/index.md
topography-of-the-lungs,Topography of the Lungs,work,album,retain,high,sound,sound,,,,"No change. The current Subjects match the concerns explicitly stated in the title, summary, body, and entry type without relying on incidental association.","1970 trio recording by Evan Parker, Derek Bailey, and Han Bennink — Incus Records' inaugural release and Parker's debut as a leader.",content/library/work/topography-of-the-lungs/index.md
organum-tower-of-silence,Tower of Silence,work,album,change,medium,sound|perception,sound,,perception,,"The record presents an album or performance without making sensation, listening, cognition, observation, or perceptual organization a substantial subject.","1985 Organum LP of dense, ritualistic drone on L.A.Y.L.A.H. Antirecords.",content/library/work/organum-tower-of-silence/index.md
train-stalker,Train,work,composition,retain,high,sound|time|space,sound|time|space,,,,"No change. The current Subjects match the concerns explicitly stated in the title, summary, body, and entry type without relying on incidental association.","Eduard Artemyev's cue for the trolley journey into the Zone in Tarkovsky's Stalker (1979), blending railroad noise with synthesizer drone.",content/library/work/train-stalker/index.md
trans-europa-express,Trans Europa Express,work,album,retain,high,sound|time,sound|time,,,,"No change. The current Subjects match the concerns explicitly stated in the title, summary, body, and entry type without relying on incidental association.",Kraftwerk's 1977 album built around the image of the European rail network.,content/library/work/trans-europa-express/index.md
tremblements,Tremblements,work,album,retain,high,sound|space,sound|space,,,,"No change. The current Subjects match the concerns explicitly stated in the title, summary, body, and entry type without relying on incidental association.","François Bayle's acousmatic works from 1978 and 1979, reissued by Recollection GRM.",content/library/work/tremblements/index.md
trilogie-de-la-mort,Trilogie de la Mort,work,album,retain,high,sound|time|perception,sound|time|perception,,,,"No change. The current Subjects match the concerns explicitly stated in the title, summary, body, and entry type without relying on incidental association.",Éliane Radigue's three-part electronic meditation on death and passage.,content/library/work/trilogie-de-la-mort/index.md
trio-for-strings,Trio for Strings,work,composition,retain,high,sound|time|tuning,sound|time|tuning,,,,"No change. The current Subjects match the concerns explicitly stated in the title, summary, body, and entry type without relying on incidental association.","La Monte Young's 1958 work of extended, sustained tones, widely cited as an origin point of musical minimalism.",content/library/work/trio-for-strings/index.md
valley-of-the-birds-remastered,Valley of the Birds (Remastered),work,album,retain,high,sound|instruments,sound|instruments,,,,"No change. The current Subjects match the concerns explicitly stated in the title, summary, body, and entry type without relying on incidental association.","Emerald Web's synthesizer duo album, remastered.",content/library/work/valley-of-the-birds-remastered/index.md
vehicles,Vehicles: Experiments in Synthetic Psychology,work,book,change,medium,cybernetics|perception|computation,morphogenesis|dynamics|cybernetics|perception,morphogenesis|dynamics,computation,,"The entry describes electronic production or studio work but not algorithms, programming, formal processing, a computational model, or machine computation as a substantial concern.",Braitenberg's thought experiments in which simple sensorimotor machines produce lifelike behavior — a foundational text on emergence from minimal parts.,content/library/work/vehicles/index.md
organum-veil-of-tears,Veil of Tears,work,album,change,medium,sound|perception,sound,,perception,,"The record presents an album or performance without making sensation, listening, cognition, observation, or perceptual organization a substantial subject.","1994 Organum CD on Matchless Recordings, limited to 1,500 copies.",content/library/work/organum-veil-of-tears/index.md
victoriaville-mai-2011,Victoriaville Mai 2011,work,album,retain,high,sound,sound,,,,"No change. The current Subjects match the concerns explicitly stated in the title, summary, body, and entry type without relying on incidental association.","A spontaneous live collaboration between Richard Pinhas, Merzbow, and Wolf Eyes, recorded at FIMAV 2011.",content/library/work/victoriaville-mai-2011/index.md
voyage-absolu-des-unari,Voyage absolu des Unari vers Andromède,work,composition,change,medium,number|sound,sound,,number,,"The entry only identifies an electroacoustic work by Xenakis. Number appears inherited from the creator rather than supported by the work record, so the proposal retains Sound only.",Electroacoustic work by Iannis Xenakis.,content/library/work/voyage-absolu-des-unari/index.md
voyage-from-jericho,Voyage From Jericho,work,album,change,medium,sound|time,sound,,time,,"The record gives a live/recording context or ordinary musical chronology but does not make duration, rhythm, sequence, recurrence, or temporal structure a substantial concern.",Charles Tyler Ensemble's 1975 free-jazz album.,content/library/work/voyage-from-jericho/index.md
wagamama-na-ofukuro,Wagamama na Ofukuro,work,album,retain,high,sound,sound,,,,"No change. The current Subjects match the concerns explicitly stated in the title, summary, body, and entry type without relying on incidental association.","Violent Onsen Geisha's 1993 cassette, harsh noise cut with samples of children's songs and family arguments.",content/library/work/wagamama-na-ofukuro/index.md
weather-sky,Weather Sky,work,album,retain,high,sound|feedback,sound|feedback,,,,"No change. The current Subjects match the concerns explicitly stated in the title, summary, body, and entry type without relying on incidental association.","Keith Rowe and Toshimaru Nakamura's 2001 debut duo album, the first of five they made together for Erstwhile Records.",content/library/work/weather-sky/index.md
williams-mix,Williams Mix,work,composition,retain,high,sound|time,sound|time,,,,"No change. The current Subjects match the concerns explicitly stated in the title, summary, body, and entry type without relying on incidental association.",John Cage's 1952–53 tape composition assembled from hundreds of spliced sound fragments organized by chance operations.,content/library/work/williams-mix/index.md
world-receiver,World Receiver,work,album,change,medium,sound|space,sound,,space,,"Space appears to derive from an ambient title, venue name, or stylistic association rather than from spatial organization, an environment, geometry, distribution, or spatialization in the entry.",Tetsu Inoue's 1996 ambient album.,content/library/work/world-receiver/index.md
xenharmonic-wiki,Xenharmonic Wiki,work,website,retain,high,number|tuning|sound,number|tuning|sound,,,,"No change. The current Subjects match the concerns explicitly stated in the title, summary, body, and entry type without relying on incidental association.","A deep reference for microtonal music — tunings, temperaments, scales, notation.",content/library/work/xenharmonic-wiki/index.md
zero-set,Zero Set,work,album,retain,high,sound|time,sound|time,,,,"No change. The current Subjects match the concerns explicitly stated in the title, summary, body, and entry type without relying on incidental association.","The 1983 sole album by Moebius-Plank-Neumeier, pitting electronic sequence patterns against Guru Guru drummer Mani Neumeier's live percussion.",content/library/work/zero-set/index.md
zuckerzeit,Zuckerzeit,work,album,retain,high,sound,sound,,,,"No change. The current Subjects match the concerns explicitly stated in the title, summary, body, and entry type without relying on incidental association.","Cluster's 1974 album, its rhythmic, synthesizer-and-drum-machine turn recorded after relocating to rural Forst.",content/library/work/zuckerzeit/index.md
erosphere,Érosphère,work,composition,change,high,sound|space,time|sound|space,time,,,"Adds Time because the record explicitly concerns temporal structure, duration, rhythm, sequence, or recurrence.","François Bayle's cyclical 1980 acousmatic composition, tracing an arc from urban tumult toward expansive soundscape.",content/library/work/erosphere/index.md
